Year,stat_area,Season,Indicator,Value
1970,511,all,nefsc_biomass,12493125.479133619
1970,511,all,nefsc_abundance,9621900.558850544
1970,512,all,nefsc_biomass,42652768.34585011
1970,512,all,nefsc_abundance,23057977.74823189
1970,513,all,nefsc_biomass,37446471.030298024
1970,513,all,nefsc_abundance,39239154.59500632
1970,511,fall,nefsc_biomass,8439321.034304613
1970,511,fall,nefsc_abundance,4906028.348188617
1970,512,fall,nefsc_biomass,35799574.19786832
1970,512,fall,nefsc_abundance,16703795.988802643
1970,513,fall,nefsc_biomass,22511009.173632227
1970,513,fall,nefsc_abundance,29278342.85723872
1970,511,spring,nefsc_biomass,4053804.4448290044
1970,511,spring,nefsc_abundance,4715872.210661927
1970,512,spring,nefsc_biomass,6853194.147981793
1970,512,spring,nefsc_abundance,6354181.759429248
1970,513,spring,nefsc_biomass,14935461.856665798
1970,513,spring,nefsc_abundance,9960811.737767598
1971,511,all,nefsc_biomass,23539848.452689957
1971,511,all,nefsc_abundance,20841112.67292529
1971,512,all,nefsc_biomass,21437268.651600488
1971,512,all,nefsc_abundance,27900634.45276661
1971,513,all,nefsc_biomass,43400220.76535058
1971,513,all,nefsc_abundance,32264572.737382118
1971,511,fall,nefsc_biomass,15111461.608602343
1971,511,fall,nefsc_abundance,15668865.732199306
1971,512,fall,nefsc_biomass,17178609.622910276
1971,512,fall,nefsc_abundance,23106115.48883363
1971,513,fall,nefsc_biomass,33299181.932806816
1971,513,fall,nefsc_abundance,27119719.5049031
1971,511,spring,nefsc_biomass,8428386.844087614
1971,511,spring,nefsc_abundance,5172246.940725984
1971,512,spring,nefsc_biomass,4258659.028690214
1971,512,spring,nefsc_abundance,4794518.963932978
1971,513,spring,nefsc_biomass,10101038.832543768
1971,513,spring,nefsc_abundance,5144853.232479018
1972,511,all,nefsc_biomass,5467779.113087334
1972,511,all,nefsc_abundance,11371337.024096098
1972,512,all,nefsc_biomass,28845687.790064774
1972,512,all,nefsc_abundance,52981878.46752073
1972,513,all,nefsc_biomass,30757842.447235018
1972,513,all,nefsc_abundance,42648106.74572479
1972,511,fall,nefsc_biomass,776873.0153687508
1972,511,fall,nefsc_abundance,2433998.5603416394
1972,512,fall,nefsc_biomass,15973709.386482151
1972,512,fall,nefsc_abundance,31637604.284710664
1972,513,fall,nefsc_biomass,17570824.7108982
1972,513,fall,nefsc_abundance,28629502.919243976
1972,511,spring,nefsc_biomass,4690906.097718583
1972,511,spring,nefsc_abundance,8937338.463754458
1972,512,spring,nefsc_biomass,12871978.403582621
1972,512,spring,nefsc_abundance,21344274.182810064
1972,513,spring,nefsc_biomass,13187017.736336816
1972,513,spring,nefsc_abundance,14018603.826480813
1973,511,all,nefsc_biomass,14514485.715425707
1973,511,all,nefsc_abundance,13830689.736107962
1973,512,all,nefsc_biomass,51394447.06182815
1973,512,all,nefsc_abundance,48113671.73143586
1973,513,all,nefsc_biomass,28392420.73005391
1973,513,all,nefsc_abundance,20367980.60529365
1973,511,fall,nefsc_biomass,7921293.353071427
1973,511,fall,nefsc_abundance,8404901.278679725
1973,512,fall,nefsc_biomass,28894829.238177396
1973,512,fall,nefsc_abundance,28401266.95502467
1973,513,fall,nefsc_biomass,12855569.395993656
1973,513,fall,nefsc_abundance,10078274.140335612
1973,511,spring,nefsc_biomass,6593192.36235428
1973,511,spring,nefsc_abundance,5425788.457428238
1973,512,spring,nefsc_biomass,22499617.82365075
1973,512,spring,nefsc_abundance,19712404.77641119
1973,513,spring,nefsc_biomass,15536851.334060255
1973,513,spring,nefsc_abundance,10289706.464958038
1974,511,all,nefsc_biomass,8227894.64486947
1974,511,all,nefsc_abundance,8214745.141153034
1974,512,all,nefsc_biomass,28991111.800070934
1974,512,all,nefsc_abundance,30182363.35728893
1974,513,all,nefsc_biomass,24379270.282303404
1974,513,all,nefsc_abundance,52181497.71681459
1974,511,fall,nefsc_biomass,2328945.8387269173
1974,511,fall,nefsc_abundance,2586123.470362992
1974,512,fall,nefsc_biomass,17878257.154850934
1974,512,fall,nefsc_abundance,22961702.26702842
1974,513,fall,nefsc_biomass,10614132.532971885
1974,513,fall,nefsc_abundance,12996040.220125083
1974,511,spring,nefsc_biomass,5898948.806142553
1974,511,spring,nefsc_abundance,5628621.670790042
1974,512,spring,nefsc_biomass,11112854.645220002
1974,512,spring,nefsc_abundance,7220661.090260509
1974,513,spring,nefsc_biomass,13765137.749331519
1974,513,spring,nefsc_abundance,39185457.49668951
1975,511,all,nefsc_biomass,6840086.3014039835
1975,511,all,nefsc_abundance,43964098.99617086
1975,512,all,nefsc_biomass,31213462.201651357
1975,512,all,nefsc_abundance,88424653.32715385
1975,513,all,nefsc_biomass,30384714.75465364
1975,513,all,nefsc_abundance,129723799.3617924
1975,511,fall,nefsc_biomass,2989225.272418226
1975,511,fall,nefsc_abundance,6693496.040939509
1975,512,fall,nefsc_biomass,13283836.534252204
1975,512,fall,nefsc_abundance,32296047.785528824
1975,513,fall,nefsc_biomass,12672079.705546338
1975,513,fall,nefsc_abundance,44788414.09918378
1975,511,spring,nefsc_biomass,3850861.028985758
1975,511,spring,nefsc_abundance,37270602.95523135
1975,512,spring,nefsc_biomass,17929625.66739915
1975,512,spring,nefsc_abundance,56128605.54162502
1975,513,spring,nefsc_biomass,17712635.049107302
1975,513,spring,nefsc_abundance,84935385.26260862
1976,511,all,nefsc_biomass,8560404.972458668
1976,511,all,nefsc_abundance,10192368.971430616
1976,512,all,nefsc_biomass,25916381.854709897
1976,512,all,nefsc_abundance,37884401.8535668
1976,513,all,nefsc_biomass,21855684.07436877
1976,513,all,nefsc_abundance,42709329.57372993
1976,511,fall,nefsc_biomass,3954798.0917235957
1976,511,fall,nefsc_abundance,3346748.0204697545
1976,512,fall,nefsc_biomass,15295241.09977487
1976,512,fall,nefsc_abundance,25224176.075310044
1976,513,fall,nefsc_biomass,9723627.549710466
1976,513,fall,nefsc_abundance,18042225.03444697
1976,511,spring,nefsc_biomass,4605606.880735073
1976,511,spring,nefsc_abundance,6845620.9509608615
1976,512,spring,nefsc_biomass,10621140.754935028
1976,512,spring,nefsc_abundance,12660225.778256759
1976,513,spring,nefsc_biomass,12132056.524658304
1976,513,spring,nefsc_abundance,24667104.539282966
1977,511,all,nefsc_biomass,14108737.149024272
1977,511,all,nefsc_abundance,15341797.175653398
1977,512,all,nefsc_biomass,37755153.54924587
1977,512,all,nefsc_abundance,38542284.30845721
1977,513,all,nefsc_biomass,34376806.27688982
1977,513,all,nefsc_abundance,52732615.820116125
1977,511,fall,nefsc_biomass,8776505.65969918
1977,511,fall,nefsc_abundance,10534650.018978659
1977,512,fall,nefsc_biomass,14265029.275075823
1977,512,fall,nefsc_abundance,16302648.15045484
1977,513,fall,nefsc_biomass,20143870.016797476
1977,513,fall,nefsc_abundance,34891754.90435718
1977,511,spring,nefsc_biomass,5332231.489325093
1977,511,spring,nefsc_abundance,4807147.156674738
1977,512,spring,nefsc_biomass,23490124.27417005
1977,512,spring,nefsc_abundance,22239636.15800237
1977,513,spring,nefsc_biomass,14232936.260092348
1977,513,spring,nefsc_abundance,17840860.915758945
1978,511,all,nefsc_biomass,11295307.237831704
1978,511,all,nefsc_abundance,19335076.0637139
1978,512,all,nefsc_biomass,26481325.774110872
1978,512,all,nefsc_abundance,47372103.17809488
1978,513,all,nefsc_biomass,24457014.177137755
1978,513,all,nefsc_abundance,37604594.26951261
1978,511,fall,nefsc_biomass,6953465.28326704
1978,511,fall,nefsc_abundance,10420556.336462645
1978,512,fall,nefsc_biomass,16911333.34759204
1978,512,fall,nefsc_abundance,36869323.410443224
1978,513,fall,nefsc_biomass,15197265.09296252
1978,513,fall,nefsc_abundance,25144182.60509767
1978,511,spring,nefsc_biomass,4341841.9545646645
1978,511,spring,nefsc_abundance,8914519.727251256
1978,512,spring,nefsc_biomass,9569992.426518831
1978,512,spring,nefsc_abundance,10502779.767651651
1978,513,spring,nefsc_biomass,9259749.084175235
1978,513,spring,nefsc_abundance,12460411.664414939
1979,511,all,nefsc_biomass,11288499.712522574
1979,511,all,nefsc_abundance,19892142.996125426
1979,512,all,nefsc_biomass,24865099.338547796
1979,512,all,nefsc_abundance,71382252.09480035
1979,513,all,nefsc_biomass,24538648.50977635
1979,513,all,nefsc_abundance,49023467.63177237
1979,511,fall,nefsc_biomass,8092408.095400143
1979,511,fall,nefsc_abundance,14821312.662080342
1979,512,fall,nefsc_biomass,14002659.94755365
1979,512,fall,nefsc_abundance,56916861.04397847
1979,513,fall,nefsc_biomass,12042925.015771182
1979,513,fall,nefsc_abundance,25448763.436371934
1979,511,spring,nefsc_biomass,3196091.6171224304
1979,511,spring,nefsc_abundance,5070830.334045082
1979,512,spring,nefsc_biomass,10862439.390994146
1979,512,spring,nefsc_abundance,14465391.050821887
1979,513,spring,nefsc_biomass,12495723.494005168
1979,513,spring,nefsc_abundance,23574704.195400435
1980,511,all,nefsc_biomass,14644520.850325987
1980,511,all,nefsc_abundance,12664398.759277593
1980,512,all,nefsc_biomass,33387937.940830298
1980,512,all,nefsc_abundance,61066162.36334602
1980,513,all,nefsc_biomass,37801113.92633221
1980,513,all,nefsc_abundance,60432056.87319191
1980,511,fall,nefsc_biomass,10571112.561544554
1980,511,fall,nefsc_abundance,4601778.528145913
1980,512,fall,nefsc_biomass,20157301.702773683
1980,512,fall,nefsc_abundance,36515914.656460285
1980,513,fall,nefsc_biomass,21012825.246222813
1980,513,fall,nefsc_abundance,29234042.751127355
1980,511,spring,nefsc_biomass,4073408.2887814334
1980,511,spring,nefsc_abundance,8062620.231131681
1980,512,spring,nefsc_biomass,13230636.238056615
1980,512,spring,nefsc_abundance,24550247.706885733
1980,513,spring,nefsc_biomass,16788288.680109404
1980,513,spring,nefsc_abundance,31198014.12206455
1981,511,all,nefsc_biomass,21118676.7385577
1981,511,all,nefsc_abundance,45181098.27634169
1981,512,all,nefsc_biomass,38586547.206272684
1981,512,all,nefsc_abundance,66093117.84618453
1981,513,all,nefsc_biomass,23290632.643557593
1981,513,all,nefsc_abundance,42468140.10712361
1981,511,fall,nefsc_biomass,12910684.51810274
1981,511,fall,nefsc_abundance,9659931.786355883
1981,512,fall,nefsc_biomass,15949439.290129106
1981,512,fall,nefsc_abundance,27823614.06780383
1981,513,fall,nefsc_biomass,13152200.031697068
1981,513,fall,nefsc_abundance,20917704.649311956
1981,511,spring,nefsc_biomass,8207992.22045496
1981,511,spring,nefsc_abundance,35521166.48998581
1981,512,spring,nefsc_biomass,22637107.916143578
1981,512,spring,nefsc_abundance,38269503.7783807
1981,513,spring,nefsc_biomass,10138432.611860523
1981,513,spring,nefsc_abundance,21550435.457811657
1982,511,all,nefsc_biomass,6691763.108874532
1982,511,all,nefsc_abundance,10116306.51641994
1982,512,all,nefsc_biomass,11861411.221711691
1982,512,all,nefsc_abundance,30930217.54163734
1982,513,all,nefsc_biomass,25224777.902151
1982,513,all,nefsc_abundance,54201067.95830065
1982,511,fall,nefsc_biomass,4785516.694004554
1982,511,fall,nefsc_abundance,7834432.866099652
1982,512,fall,nefsc_biomass,5421023.8987608785
1982,512,fall,nefsc_abundance,20326160.969083335
1982,513,fall,nefsc_biomass,11560239.696833802
1982,513,fall,nefsc_abundance,27595833.77664545
1982,511,spring,nefsc_biomass,1906246.4148699776
1982,511,spring,nefsc_abundance,2281873.650320287
1982,512,spring,nefsc_biomass,6440387.322950814
1982,512,spring,nefsc_abundance,10604056.572554005
1982,513,spring,nefsc_biomass,13664538.205317197
1982,513,spring,nefsc_abundance,26605234.1816552
1983,511,all,nefsc_biomass,6088463.312174918
1983,511,all,nefsc_abundance,9614294.313349476
1983,512,all,nefsc_biomass,27479422.62762936
1983,512,all,nefsc_abundance,43092905.38667472
1983,513,all,nefsc_biomass,36992707.119777486
1983,513,all,nefsc_abundance,115398678.51058841
1983,511,fall,nefsc_biomass,786438.200259737
1983,511,fall,nefsc_abundance,1064874.3701494674
1983,512,fall,nefsc_biomass,16738704.660783688
1983,512,fall,nefsc_abundance,28651583.206153702
1983,513,fall,nefsc_biomass,24853596.960538454
1983,513,fall,nefsc_abundance,86221017.71269369
1983,511,spring,nefsc_biomass,5302025.111915181
1983,511,spring,nefsc_abundance,8549419.943200009
1983,512,spring,nefsc_biomass,10740717.966845673
1983,512,spring,nefsc_abundance,14441322.180521019
1983,513,spring,nefsc_biomass,12139110.159239028
1983,513,spring,nefsc_abundance,29177660.79789471
1984,511,all,nefsc_biomass,9146025.718629792
1984,511,all,nefsc_abundance,12474242.621750902
1984,512,all,nefsc_biomass,18146426.995089002
1984,512,all,nefsc_abundance,22552531.471913658
1984,513,all,nefsc_biomass,30681106.323186446
1984,513,all,nefsc_abundance,40353369.385080054
1984,511,fall,nefsc_biomass,8254473.014433267
1984,511,fall,nefsc_abundance,10445910.48813287
1984,512,fall,nefsc_biomass,13344564.161444295
1984,512,fall,nefsc_abundance,12347330.464345472
1984,513,fall,nefsc_biomass,25762846.280328497
1984,513,fall,nefsc_abundance,30003253.684515607
1984,511,spring,nefsc_biomass,891552.7041965257
1984,511,spring,nefsc_abundance,2028332.133618033
1984,512,spring,nefsc_biomass,4801862.833644709
1984,512,spring,nefsc_abundance,10205201.007568186
1984,513,spring,nefsc_biomass,4918260.042857947
1984,513,spring,nefsc_abundance,10350115.700564444
1985,511,all,nefsc_biomass,25178598.335498992
1985,511,all,nefsc_abundance,114423286.48772728
1985,512,all,nefsc_biomass,25132718.008457012
1985,512,all,nefsc_abundance,66058733.74575471
1985,513,all,nefsc_biomass,32570943.239283748
1985,513,all,nefsc_abundance,61872145.92867576
1985,511,fall,nefsc_biomass,10144170.94123751
1985,511,fall,nefsc_abundance,95483735.1900689
1985,512,fall,nefsc_biomass,18382575.737345748
1985,512,fall,nefsc_abundance,47862667.79829823
1985,513,fall,nefsc_biomass,23705393.017497037
1985,513,fall,nefsc_abundance,48093806.107447706
1985,511,spring,nefsc_biomass,15034427.394261481
1985,511,spring,nefsc_abundance,18939551.297658384
1985,512,spring,nefsc_biomass,6750142.271111267
1985,512,spring,nefsc_abundance,18196065.947456483
1985,513,spring,nefsc_biomass,8865550.221786711
1985,513,spring,nefsc_abundance,13778339.821228057
1986,511,all,nefsc_biomass,12515320.363611786
1986,511,all,nefsc_abundance,27184721.420815688
1986,512,all,nefsc_biomass,22833820.191430736
1986,512,all,nefsc_abundance,78984404.77932963
1986,513,all,nefsc_biomass,23368100.364308037
1986,513,all,nefsc_abundance,85023985.47483134
1986,511,fall,nefsc_biomass,8388583.465339179
1986,511,fall,nefsc_abundance,19548050.937743794
1986,512,fall,nefsc_biomass,15309217.061516123
1986,512,fall,nefsc_abundance,54203095.917555556
1986,513,fall,nefsc_biomass,15496238.70300757
1986,513,fall,nefsc_abundance,36366359.83505717
1986,511,spring,nefsc_biomass,4126736.898272605
1986,511,spring,nefsc_abundance,7636670.483071895
1986,512,spring,nefsc_biomass,7524603.129914614
1986,512,spring,nefsc_abundance,24781308.86177407
1986,513,spring,nefsc_biomass,7871861.661300467
1986,513,spring,nefsc_abundance,48657625.63977417
1987,511,all,nefsc_biomass,5479616.701518309
1987,511,all,nefsc_abundance,11815034.678325042
1987,512,all,nefsc_biomass,18168481.6282779
1987,512,all,nefsc_abundance,58314058.96494387
1987,513,all,nefsc_biomass,22401974.081622265
1987,513,all,nefsc_abundance,44291156.59497919
1987,511,fall,nefsc_biomass,3498391.414550745
1987,511,fall,nefsc_abundance,8164036.837812583
1987,512,fall,nefsc_biomass,11518429.176665401
1987,512,fall,nefsc_abundance,40580115.32726406
1987,513,fall,nefsc_biomass,13429156.759151943
1987,513,fall,nefsc_abundance,29882435.21330279
1987,511,spring,nefsc_biomass,1981225.286967565
1987,511,spring,nefsc_abundance,3650997.840512459
1987,512,spring,nefsc_biomass,6650052.4516125005
1987,512,spring,nefsc_abundance,17733943.63767981
1987,513,spring,nefsc_biomass,8972817.322470322
1987,513,spring,nefsc_abundance,14408721.381676398
1988,511,all,nefsc_biomass,6970006.254445288
1988,511,all,nefsc_abundance,30272857.094249144
1988,512,all,nefsc_biomass,15841960.635186637
1988,512,all,nefsc_abundance,62188459.401375085
1988,513,all,nefsc_biomass,21213136.31232136
1988,513,all,nefsc_abundance,45685043.77211963
1988,511,fall,nefsc_biomass,4135948.9874692815
1988,511,fall,nefsc_abundance,26926109.07377939
1988,512,fall,nefsc_biomass,9135093.759828232
1988,512,fall,nefsc_abundance,36276601.3174688
1988,513,fall,nefsc_biomass,15354330.166428454
1988,513,fall,nefsc_abundance,29459570.564057942
1988,511,spring,nefsc_biomass,2834057.2669760073
1988,511,spring,nefsc_abundance,3346748.020469754
1988,512,spring,nefsc_biomass,6706866.875358405
1988,512,spring,nefsc_abundance,25911858.083906285
1988,513,spring,nefsc_biomass,5858806.145892906
1988,513,spring,nefsc_abundance,16225473.208061684
1989,511,all,nefsc_biomass,7458427.412963969
1989,511,all,nefsc_abundance,19132967.254685532
1989,512,all,nefsc_biomass,21358438.374769546
1989,512,all,nefsc_abundance,99801914.54355498
1989,513,all,nefsc_biomass,16246729.991196966
1989,513,all,nefsc_abundance,72305156.52476677
1989,511,fall,nefsc_biomass,5104983.209579414
1989,511,fall,nefsc_abundance,13569541.973904641
1989,512,fall,nefsc_biomass,15994431.79505739
1989,512,fall,nefsc_abundance,70878009.26199716
1989,513,fall,nefsc_biomass,10946110.923501933
1989,513,fall,nefsc_abundance,35774349.32611438
1989,511,spring,nefsc_biomass,2353444.2033845554
1989,511,spring,nefsc_abundance,5563425.280780891
1989,512,spring,nefsc_biomass,5364006.579712156
1989,512,spring,nefsc_abundance,28923905.28155781
1989,513,spring,nefsc_biomass,5300619.067695034
1989,513,spring,nefsc_abundance,36530807.198652394
1990,511,all,nefsc_biomass,6029667.35088371
1990,511,all,nefsc_abundance,21840790.653065607
1990,512,all,nefsc_biomass,40110137.005922735
1990,512,all,nefsc_abundance,144782277.81649017
1990,513,all,nefsc_biomass,16271663.22202445
1990,513,all,nefsc_abundance,52525271.01499698
1990,511,fall,nefsc_biomass,3575065.955339011
1990,511,fall,nefsc_abundance,15147294.612126097
1990,512,fall,nefsc_biomass,35204922.79567702
1990,512,fall,nefsc_abundance,134930086.90666804
1990,513,fall,nefsc_biomass,12822705.7422481
1990,513,fall,nefsc_abundance,35645923.76597335
1990,511,spring,nefsc_biomass,2454601.395544699
1990,511,spring,nefsc_abundance,6693496.040939509
1990,512,spring,nefsc_biomass,4905214.210245714
1990,512,spring,nefsc_abundance,9852190.909822118
1990,513,spring,nefsc_biomass,3448957.4797763512
1990,513,spring,nefsc_abundance,16879347.249023627
1991,511,all,nefsc_biomass,23948388.74338998
1991,511,all,nefsc_abundance,53814186.92005344
1991,512,all,nefsc_biomass,20457985.092177253
1991,512,all,nefsc_abundance,90749268.58239408
1991,513,all,nefsc_biomass,16531813.239028912
1991,513,all,nefsc_abundance,48714007.59300682
1991,511,fall,nefsc_biomass,22082905.861198105
1991,511,fall,nefsc_abundance,51075938.5396691
1991,512,fall,nefsc_biomass,13557582.957158878
1991,512,fall,nefsc_abundance,59787073.82735702
1991,513,fall,nefsc_biomass,12741045.836957594
1991,513,fall,nefsc_abundance,29826053.260070145
1991,511,spring,nefsc_biomass,1865482.882191874
1991,511,spring,nefsc_abundance,2738248.380384345
1991,512,spring,nefsc_biomass,6900402.135018375
1991,512,spring,nefsc_abundance,30962194.755037066
1991,513,spring,nefsc_biomass,3790767.4020713186
1991,513,spring,nefsc_abundance,18887954.33293667
1992,511,all,nefsc_biomass,16554913.14403926
1992,511,all,nefsc_abundance,64075012.10099367
1992,512,all,nefsc_biomass,19891689.33396639
1992,512,all,nefsc_abundance,90582391.08164139
1992,513,all,nefsc_biomass,18489200.58233078
1992,513,all,nefsc_abundance,120657379.91786411
1992,511,fall,nefsc_biomass,12244188.0953263
1992,511,fall,nefsc_abundance,54186892.949605756
1992,512,fall,nefsc_biomass,14944367.65011924
1992,512,fall,nefsc_abundance,59273604.594271824
1992,513,fall,nefsc_biomass,8696676.78635512
1992,513,fall,nefsc_abundance,26781427.78550722
1992,511,spring,nefsc_biomass,4310725.0487129595
1992,511,spring,nefsc_abundance,9888119.151387911
1992,512,spring,nefsc_biomass,4947321.68384715
1992,512,spring,nefsc_abundance,31308786.487369567
1992,513,spring,nefsc_biomass,9792523.795975659
1992,513,spring,nefsc_abundance,93875952.13235688
1993,511,all,nefsc_biomass,8695315.180611966
1993,511,all,nefsc_abundance,57629986.746422365
1993,512,all,nefsc_biomass,20662217.96393216
1993,512,all,nefsc_abundance,172908013.51340395
1993,513,all,nefsc_biomass,10990300.515215771
1993,513,all,nefsc_abundance,51871396.97403504
1993,511,fall,nefsc_biomass,6859049.390135124
1993,511,fall,nefsc_abundance,51190032.22218511
1993,512,fall,nefsc_biomass,15539834.05769199
1993,512,fall,nefsc_abundance,139750737.7869277
1993,513,fall,nefsc_biomass,7010710.305618775
1993,513,fall,nefsc_abundance,34449373.42514718
1993,511,spring,nefsc_biomass,1836265.7904768426
1993,511,spring,nefsc_abundance,6439954.524237255
1993,512,spring,nefsc_biomass,5122383.906240173
1993,512,spring,nefsc_abundance,33157275.72647626
1993,513,spring,nefsc_biomass,3979590.2095969967
1993,513,spring,nefsc_abundance,17422023.548887856
1994,511,all,nefsc_biomass,84459554.74307427
1994,511,all,nefsc_abundance,88384572.72240579
1994,512,all,nefsc_biomass,42732399.75031937
1994,512,all,nefsc_abundance,152179443.95562372
1994,513,all,nefsc_biomass,15621095.733701445
1994,513,all,nefsc_abundance,63590788.68167804
1994,511,fall,nefsc_biomass,82510196.6903508
1994,511,fall,nefsc_abundance,79104953.21110329
1994,512,fall,nefsc_biomass,36668392.688647814
1994,512,fall,nefsc_abundance,78849619.10564476
1994,513,fall,nefsc_biomass,11637393.255133118
1994,513,fall,nefsc_abundance,35399812.06535465
1994,511,spring,nefsc_biomass,1949358.0527234732
1994,511,spring,nefsc_abundance,9279619.511302501
1994,512,spring,nefsc_biomass,6064007.061671549
1994,512,spring,nefsc_abundance,73329824.84997895
1994,513,spring,nefsc_biomass,3983702.478568326
1994,513,spring,nefsc_abundance,28190976.61632339
1995,511,all,nefsc_biomass,10760675.748509763
1995,511,all,nefsc_abundance,22879586.467211414
1995,512,all,nefsc_biomass,44861681.822073154
1995,512,all,nefsc_abundance,244159434.10606888
1995,513,all,nefsc_biomass,17321043.102608524
1995,513,all,nefsc_abundance,95110985.39364344
1995,511,fall,nefsc_biomass,8658787.244018782
1995,511,fall,nefsc_abundance,12382967.675738093
1995,512,fall,nefsc_biomass,40579399.63632445
1995,512,fall,nefsc_abundance,128701063.27280332
1995,513,fall,nefsc_biomass,14527688.576102313
1995,513,fall,nefsc_abundance,75457847.40969227
1995,511,spring,nefsc_biomass,2101888.5044909813
1995,511,spring,nefsc_abundance,10496618.791473322
1995,512,spring,nefsc_biomass,4282282.1857487
1995,512,spring,nefsc_abundance,115458370.83326554
1995,513,spring,nefsc_biomass,2793354.5265062107
1995,513,spring,nefsc_abundance,19653137.983951163
1996,511,all,nefsc_biomass,11495136.013588073
1996,511,all,nefsc_abundance,19951181.94930038
1996,512,all,nefsc_biomass,6164640.066877889
1996,512,all,nefsc_abundance,22826916.593343556
1996,513,all,nefsc_biomass,19988411.28494679
1996,513,all,nefsc_abundance,78856426.25732681
1996,511,fall,nefsc_biomass,7202829.976329717
1996,511,fall,nefsc_abundance,14208466.595994322
1996,512,fall,nefsc_biomass,5154623.309110069
1996,512,fall,nefsc_abundance,16703795.988802645
1996,513,fall,nefsc_biomass,11715063.660224421
1996,513,fall,nefsc_abundance,43194840.837677725
1996,511,spring,nefsc_biomass,4292306.037258357
1996,511,spring,nefsc_abundance,5742715.353306056
1996,512,spring,nefsc_biomass,1010016.7577678205
1996,512,spring,nefsc_abundance,6123120.604540912
1996,513,spring,nefsc_biomass,8273347.62472237
1996,513,spring,nefsc_abundance,35661585.41964909
1997,511,all,nefsc_biomass,21993439.500339024
1997,511,all,nefsc_abundance,22986073.90422636
1997,512,all,nefsc_biomass,13226561.982216276
1997,512,all,nefsc_abundance,51687898.971114814
1997,513,all,nefsc_biomass,14111444.739645913
1997,513,all,nefsc_abundance,70700620.1056877
1997,511,fall,nefsc_biomass,19904227.87511432
1997,511,fall,nefsc_abundance,17570427.10746621
1997,512,fall,nefsc_biomass,11146761.648874447
1997,512,fall,nefsc_abundance,39172086.41466326
1997,513,fall,nefsc_biomass,8827434.104890337
1997,513,fall,nefsc_abundance,46139231.72871595
1997,511,spring,nefsc_biomass,2089211.6252247032
1997,511,spring,nefsc_abundance,5415646.796760149
1997,512,spring,nefsc_biomass,2079800.3333418285
1997,512,spring,nefsc_abundance,12515812.55645155
1997,513,spring,nefsc_biomass,5284010.634755575
1997,513,spring,nefsc_abundance,24561388.37697175
1998,511,all,nefsc_biomass,13670575.56017506
1998,511,all,nefsc_abundance,62089782.025215015
1998,512,all,nefsc_biomass,19416188.803365607
1998,512,all,nefsc_abundance,216751117.45491093
1998,513,all,nefsc_biomass,21027001.10949681
1998,513,all,nefsc_abundance,218553256.88887557
1998,511,fall,nefsc_biomass,11828578.4085073
1998,511,fall,nefsc_abundance,50109945.36103351
1998,512,fall,nefsc_biomass,13371484.543597858
1998,512,fall,nefsc_abundance,133621615.59394813
1998,513,fall,nefsc_biomass,16319381.888518391
1998,513,fall,nefsc_abundance,105962833.35660554
1998,511,spring,nefsc_biomass,1841997.1516677593
1998,511,spring,nefsc_abundance,11979836.664181508
1998,512,spring,nefsc_biomass,6044704.2597677475
1998,512,spring,nefsc_abundance,83129501.86096281
1998,513,spring,nefsc_biomass,4707619.220978418
1998,513,spring,nefsc_abundance,112590423.53227003
1999,511,all,nefsc_biomass,18561145.842926573
1999,511,all,nefsc_abundance,34806179.41288545
1999,512,all,nefsc_biomass,20846978.89294205
1999,512,all,nefsc_abundance,236757454.19287515
1999,513,all,nefsc_biomass,25303527.31543912
1999,513,all,nefsc_abundance,167525470.78990966
1999,511,fall,nefsc_biomass,15581769.95086532
1999,511,fall,nefsc_abundance,26500159.325719602
1999,512,fall,nefsc_biomass,16199060.28646625
1999,512,fall,nefsc_abundance,201456444.4182682
1999,513,fall,nefsc_biomass,20915946.31303886
1999,513,fall,nefsc_abundance,110458879.55372359
1999,511,spring,nefsc_biomass,2979375.8920612526
1999,511,spring,nefsc_abundance,8306020.0871658465
1999,512,spring,nefsc_biomass,4647918.606475799
1999,512,spring,nefsc_abundance,35301009.774606936
1999,513,spring,nefsc_biomass,4387581.0024002595
1999,513,spring,nefsc_abundance,57066591.23618606
2000,511,all,nefsc_biomass,18874048.11933529
2000,511,all,nefsc_abundance,88891655.7558103
2000,512,all,nefsc_biomass,26769451.056199737
2000,512,all,nefsc_abundance,203695995.49292997
2000,513,all,nefsc_biomass,66359787.79275579
2000,513,all,nefsc_abundance,234136129.00450015
2000,511,fall,nefsc_biomass,12479493.79793878
2000,511,fall,nefsc_abundance,48223596.47676874
2000,512,fall,nefsc_biomass,20167856.926407434
2000,512,fall,nefsc_abundance,114416532.59024224
2000,513,fall,nefsc_biomass,53294072.176463604
2000,513,fall,nefsc_abundance,135669074.96605632
2000,511,spring,nefsc_biomass,6394554.321396509
2000,511,spring,nefsc_abundance,40668059.279041566
2000,512,spring,nefsc_biomass,6601594.129792302
2000,512,spring,nefsc_abundance,89279462.90268771
2000,513,spring,nefsc_biomass,13065715.616292192
2000,513,spring,nefsc_abundance,98467054.03844383
2001,511,all,nefsc_biomass,64379690.283941224
2001,511,all,nefsc_abundance,92131916.33926511
2001,512,all,nefsc_biomass,30330477.484472726
2001,512,all,nefsc_abundance,185147596.71031162
2001,513,all,nefsc_biomass,57500354.05136325
2001,513,all,nefsc_abundance,169780156.67180762
2001,511,fall,nefsc_biomass,56485264.23459704
2001,511,fall,nefsc_abundance,51996294.24529828
2001,512,fall,nefsc_biomass,19354853.317032352
2001,512,fall,nefsc_abundance,68136783.74264008
2001,513,fall,nefsc_biomass,42723897.398376204
2001,513,fall,nefsc_abundance,49968506.05243321
2001,511,spring,nefsc_biomass,7894426.049344185
2001,511,spring,nefsc_abundance,40135622.09396683
2001,512,spring,nefsc_biomass,10975624.167440373
2001,512,spring,nefsc_abundance,117010812.96767156
2001,513,spring,nefsc_biomass,14776456.652987042
2001,513,spring,nefsc_abundance,119811650.61937441
2002,511,all,nefsc_biomass,20274348.15862299
2002,511,all,nefsc_abundance,32740661.190151084
2002,512,all,nefsc_biomass,23801797.89114473
2002,512,all,nefsc_abundance,115699747.21828282
2002,513,all,nefsc_biomass,88130682.78705311
2002,513,all,nefsc_abundance,131526567.56882435
2002,511,fall,nefsc_biomass,16320796.841155967
2002,511,fall,nefsc_abundance,23427236.14328828
2002,512,fall,nefsc_biomass,15578758.653517695
2002,512,fall,nefsc_abundance,76910355.84140337
2002,513,fall,nefsc_biomass,78261906.17244771
2002,513,fall,nefsc_abundance,76648133.08904815
2002,511,spring,nefsc_biomass,3953551.317467023
2002,511,spring,nefsc_abundance,9313425.046862802
2002,512,spring,nefsc_biomass,8223039.237627036
2002,512,spring,nefsc_abundance,38789391.37687945
2002,513,spring,nefsc_biomass,9868776.6146054
2002,513,spring,nefsc_abundance,54878434.479776196
2003,511,all,nefsc_biomass,15295587.970255045
2003,511,all,nefsc_abundance,27572639.941370137
2003,512,all,nefsc_biomass,22552217.480792314
2003,512,all,nefsc_abundance,205901162.4671619
2003,513,all,nefsc_biomass,22587994.644864727
2003,513,all,nefsc_abundance,105998072.07737595
2003,511,fall,nefsc_biomass,11871515.818217823
2003,511,fall,nefsc_abundance,17722552.017487563
2003,512,fall,nefsc_biomass,15996787.771677248
2003,512,fall,nefsc_abundance,134304296.2788455
2003,513,fall,nefsc_biomass,19288753.321621135
2003,513,fall,nefsc_abundance,64275426.68521733
2003,511,spring,nefsc_biomass,3424072.152037222
2003,511,spring,nefsc_abundance,9850087.923882572
2003,512,spring,nefsc_biomass,6555429.709115064
2003,512,spring,nefsc_abundance,71596866.18831643
2003,513,spring,nefsc_biomass,3299241.323243589
2003,513,spring,nefsc_abundance,41722645.39215862
2004,511,all,nefsc_biomass,17503883.526066102
2004,511,all,nefsc_abundance,18323445.412071906
2004,512,all,nefsc_biomass,11253076.696984416
2004,512,all,nefsc_abundance,62444277.108572885
2004,513,all,nefsc_biomass,42567184.41296048
2004,513,all,nefsc_abundance,89733444.73512492
2004,511,fall,nefsc_biomass,10209056.301784215
2004,511,fall,nefsc_abundance,8549419.94320001
2004,512,fall,nefsc_biomass,9349582.559189998
2004,512,fall,nefsc_abundance,44825864.04833724
2004,513,fall,nefsc_biomass,36702096.58042485
2004,513,fall,nefsc_abundance,37368705.670304224
2004,511,spring,nefsc_biomass,7294827.2242818875
2004,511,spring,nefsc_abundance,9774025.468871895
2004,512,spring,nefsc_biomass,1903494.1377944197
2004,512,spring,nefsc_abundance,17618413.060235642
2004,513,spring,nefsc_biomass,5865087.832535626
2004,513,spring,nefsc_abundance,52364739.0648207
2005,511,all,nefsc_biomass,53756712.149775326
2005,511,all,nefsc_abundance,44826140.15295853
2005,512,all,nefsc_biomass,44586107.164434075
2005,512,all,nefsc_abundance,47431303.62926968
2005,513,all,nefsc_biomass,43779175.808065094
2005,513,all,nefsc_abundance,46872532.727604836
2005,511,fall,nefsc_biomass,48691495.33671072
2005,511,fall,nefsc_abundance,38690435.44876398
2005,512,fall,nefsc_biomass,43801130.243604556
2005,512,fall,nefsc_abundance,41407209.23396663
2005,513,fall,nefsc_biomass,41218815.356679045
2005,513,fall,nefsc_abundance,30486527.569366865
2005,511,spring,nefsc_biomass,5065216.8130646
2005,511,spring,nefsc_abundance,6135704.7041945495
2005,512,spring,nefsc_biomass,784976.920829525
2005,512,spring,nefsc_abundance,6024094.395303053
2005,513,spring,nefsc_biomass,2560360.4513860447
2005,513,spring,nefsc_abundance,16386005.15823797
2006,511,all,nefsc_biomass,52370079.84952684
2006,511,all,nefsc_abundance,41175142.31244607
2006,512,all,nefsc_biomass,59178193.005823046
2006,512,all,nefsc_abundance,91727610.85329033
2006,513,all,nefsc_biomass,64417216.48262793
2006,513,all,nefsc_abundance,54434380.53438182
2006,511,fall,nefsc_biomass,50746236.80403373
2006,511,fall,nefsc_abundance,36814228.2251673
2006,512,fall,nefsc_biomass,57856160.71445035
2006,512,fall,nefsc_abundance,83800929.56753768
2006,513,fall,nefsc_biomass,62336062.174356245
2006,513,fall,nefsc_abundance,45287974.78775246
2006,511,spring,nefsc_biomass,1623843.0454931117
2006,511,spring,nefsc_abundance,4360914.087278771
2006,512,spring,nefsc_biomass,1322032.2913726931
2006,512,spring,nefsc_abundance,7926681.285752648
2006,513,spring,nefsc_biomass,2081154.3082716835
2006,513,spring,nefsc_abundance,9146405.746629367
2007,511,all,nefsc_biomass,10010028.722156443
2007,511,all,nefsc_abundance,50262070.271054864
2007,512,all,nefsc_biomass,12996003.06540567
2007,512,all,nefsc_abundance,156486167.14812577
2007,513,all,nefsc_biomass,30678809.422914863
2007,513,all,nefsc_abundance,70061624.6357177
2007,511,fall,nefsc_biomass,7357879.571071487
2007,511,fall,nefsc_abundance,31094331.608364448
2007,512,fall,nefsc_biomass,12209700.963323034
2007,512,fall,nefsc_abundance,151864944.05035904
2007,513,fall,nefsc_biomass,25525801.423943207
2007,513,fall,nefsc_abundance,52970845.06207165
2007,511,spring,nefsc_biomass,2652149.1510849553
2007,511,spring,nefsc_abundance,19167738.662690412
2007,512,spring,nefsc_biomass,786302.1020826359
2007,512,spring,nefsc_abundance,4621223.097766726
2007,513,spring,nefsc_biomass,5153007.998971659
2007,513,spring,nefsc_abundance,17090779.573646054
2008,511,all,nefsc_biomass,15355003.205520546
2008,511,all,nefsc_abundance,31114614.929700628
2008,512,all,nefsc_biomass,7098215.942236381
2008,512,all,nefsc_abundance,54553813.741939634
2008,513,all,nefsc_biomass,48830361.566971906
2008,513,all,nefsc_abundance,111121568.50938806
2008,511,fall,nefsc_biomass,13742037.87038031
2008,511,fall,nefsc_abundance,24086444.08671414
2008,512,fall,nefsc_biomass,5179090.2913659895
2008,512,fall,nefsc_abundance,32266039.84333553
2008,513,fall,nefsc_biomass,40044133.68771077
2008,513,fall,nefsc_abundance,63735099.63340446
2008,511,spring,nefsc_biomass,1612965.3351402355
2008,511,spring,nefsc_abundance,7028170.842986485
2008,512,spring,nefsc_biomass,1919125.6508703914
2008,512,spring,nefsc_abundance,22287773.898604106
2008,513,spring,nefsc_biomass,8786227.879261136
2008,513,spring,nefsc_abundance,47386468.87598359
2009,511,all,nefsc_biomass,4886392.714928393
2009,511,all,nefsc_abundance,28063423.87727236
2009,512,all,nefsc_biomass,7453382.922382755
2009,512,all,nefsc_abundance,73448564.61012991
2009,513,all,nefsc_biomass,44971686.34692835
2009,513,all,nefsc_abundance,180547543.57387558
2009,511,fall,nefsc_biomass,2938840.486990986
2009,511,fall,nefsc_abundance,16299097.502287766
2009,512,fall,nefsc_biomass,4798887.669467913
2009,512,fall,nefsc_abundance,40002462.44004322
2009,513,fall,nefsc_biomass,38767490.25093402
2009,513,fall,nefsc_abundance,142364431.91243312
2009,511,spring,nefsc_biomass,1947552.2279374073
2009,511,spring,nefsc_abundance,11764326.374984592
2009,512,spring,nefsc_biomass,2654495.2529148427
2009,512,spring,nefsc_abundance,33446102.170086678
2009,513,spring,nefsc_biomass,6204196.095994329
2009,513,spring,nefsc_abundance,38183111.66144246
2010,511,all,nefsc_biomass,8953695.894957565
2010,511,all,nefsc_abundance,85016092.57193299
2010,512,all,nefsc_biomass,17522662.820729632
2010,512,all,nefsc_abundance,312911359.82482266
2010,513,all,nefsc_biomass,36383897.85512504
2010,513,all,nefsc_abundance,161928969.68416154
2010,511,fall,nefsc_biomass,6550190.047276073
2010,511,fall,nefsc_abundance,38813584.18544793
2010,512,fall,nefsc_biomass,12928347.834486464
2010,512,fall,nefsc_abundance,128575905.1472388
2010,513,fall,nefsc_biomass,32290758.326570027
2010,513,fall,nefsc_abundance,91366955.2135041
2010,511,spring,nefsc_biomass,2403505.8476814916
2010,511,spring,nefsc_abundance,46202508.386485055
2010,512,spring,nefsc_biomass,4594314.986243166
2010,512,spring,nefsc_abundance,184335454.67758384
2010,513,spring,nefsc_biomass,4093139.528555013
2010,513,spring,nefsc_abundance,70562014.47065744
2011,511,all,nefsc_biomass,10612503.464376938
2011,511,all,nefsc_abundance,47767221.74670468
2011,512,all,nefsc_biomass,16605329.921865324
2011,512,all,nefsc_abundance,166024660.4483599
2011,513,all,nefsc_biomass,87103545.09588486
2011,513,all,nefsc_abundance,193069747.5809748
2011,511,fall,nefsc_biomass,8478188.490532164
2011,511,fall,nefsc_abundance,39400351.695530295
2011,512,fall,nefsc_biomass,10562862.19408488
2011,512,fall,nefsc_abundance,117321301.39455275
2011,513,fall,nefsc_biomass,53296874.28789174
2011,513,fall,nefsc_abundance,99052840.56553628
2011,511,spring,nefsc_biomass,2134314.973844776
2011,511,spring,nefsc_abundance,8366870.051174386
2011,512,spring,nefsc_biomass,6042467.727780442
2011,512,spring,nefsc_abundance,48703359.05380714
2011,513,spring,nefsc_biomass,33806670.80799312
2011,513,spring,nefsc_abundance,94016907.01543851
2012,511,all,nefsc_biomass,11972097.94302045
2012,511,all,nefsc_abundance,103901313.54458374
2012,512,all,nefsc_biomass,24994775.740383256
2012,512,all,nefsc_abundance,368715837.91306263
2012,513,all,nefsc_biomass,79927842.64307371
2012,513,all,nefsc_abundance,315417462.05368847
2012,511,fall,nefsc_biomass,8472793.205492329
2012,511,fall,nefsc_abundance,59176589.99830612
2012,512,fall,nefsc_biomass,17960666.029471725
2012,512,fall,nefsc_abundance,171274081.06097928
2012,513,fall,nefsc_biomass,72434956.19457974
2012,513,fall,nefsc_abundance,187282054.6544417
2012,511,spring,nefsc_biomass,3499304.73752812
2012,511,spring,nefsc_abundance,44724723.54627763
2012,512,spring,nefsc_biomass,7034109.710911532
2012,512,spring,nefsc_abundance,197441756.85208338
2012,513,spring,nefsc_biomass,7492886.448493973
2012,513,spring,nefsc_abundance,128135407.39924674
2013,511,all,nefsc_biomass,8456083.069258576
2013,511,all,nefsc_abundance,67876686.04286061
2013,512,all,nefsc_biomass,17680223.491225217
2013,512,all,nefsc_abundance,241821086.04950544
2013,513,all,nefsc_biomass,99611759.67283995
2013,513,all,nefsc_abundance,296860380.76209074
2013,511,fall,nefsc_biomass,6441116.251634508
2013,511,fall,nefsc_abundance,50027363.26702192
2013,512,fall,nefsc_biomass,14338152.850054327
2013,512,fall,nefsc_abundance,163805854.44762412
2013,513,fall,nefsc_biomass,58260603.885393485
2013,513,fall,nefsc_abundance,175723754.24174914
2013,511,spring,nefsc_biomass,2014966.8176240677
2013,511,spring,nefsc_abundance,17849322.77583869
2013,512,spring,nefsc_biomass,3342070.6411708905
2013,512,spring,nefsc_abundance,78015231.60188133
2013,513,spring,nefsc_biomass,41351155.78744646
2013,513,spring,nefsc_abundance,121136626.5203416
2014,511,all,nefsc_biomass,16113198.343419941
2014,511,all,nefsc_abundance,106183187.19490403
2014,512,all,nefsc_biomass,25703132.680071887
2014,512,all,nefsc_abundance,243200617.836447
2014,513,all,nefsc_biomass,24220227.137071315
2014,513,all,nefsc_abundance,224870023.47620624
2014,511,fall,nefsc_biomass,11016382.716927128
2014,511,fall,nefsc_abundance,79941640.21622074
2014,512,fall,nefsc_biomass,15653005.871083476
2014,512,fall,nefsc_abundance,87129310.48914348
2014,513,fall,nefsc_biomass,18669914.597938664
2014,513,fall,nefsc_abundance,147579762.58645296
2014,511,spring,nefsc_biomass,5096815.626492814
2014,511,spring,nefsc_abundance,26241546.978683304
2014,512,spring,nefsc_biomass,10050126.808988413
2014,512,spring,nefsc_abundance,156071307.3473035
2014,513,spring,nefsc_biomass,5550312.539132651
2014,513,spring,nefsc_abundance,77290260.8897533
2015,511,all,nefsc_biomass,22611058.706128962
2015,511,all,nefsc_abundance,66369925.029315785
2015,512,all,nefsc_biomass,19407566.97760394
2015,512,all,nefsc_abundance,162805277.12511662
2015,513,all,nefsc_biomass,32010816.86993625
2015,513,all,nefsc_abundance,160580562.32211065
2015,511,fall,nefsc_biomass,20311706.8205335
2015,511,fall,nefsc_abundance,59067929.34829086
2015,512,fall,nefsc_biomass,14143285.73933725
2015,512,fall,nefsc_abundance,118202222.04756454
2015,513,fall,nefsc_biomass,18728141.53534704
2015,513,fall,nefsc_abundance,88109616.00629073
2015,511,spring,nefsc_biomass,2299351.8855954646
2015,511,spring,nefsc_abundance,7301995.681024919
2015,512,spring,nefsc_biomass,5264281.238266686
2015,512,spring,nefsc_abundance,44603055.077552065
2015,513,spring,nefsc_biomass,13282675.334589208
2015,513,spring,nefsc_abundance,72470946.31581992
2016,511,all,nefsc_biomass,28981917.200441234
2016,511,all,nefsc_abundance,112792169.3969428
2016,512,all,nefsc_biomass,43535295.18763915
2016,512,all,nefsc_abundance,280261134.966018
2016,513,all,nefsc_biomass,99638412.33056861
2016,513,all,nefsc_abundance,289312661.34625566
2016,511,fall,nefsc_biomass,23058520.31150564
2016,511,fall,nefsc_abundance,62235990.96651331
2016,512,fall,nefsc_biomass,31695126.54832277
2016,512,fall,nefsc_abundance,146117297.82251167
2016,513,fall,nefsc_biomass,71882045.29625379
2016,513,fall,nefsc_abundance,185802028.38208476
2016,511,spring,nefsc_biomass,5923396.888935591
2016,511,spring,nefsc_abundance,50556178.43042948
2016,512,spring,nefsc_biomass,11840168.639316373
2016,512,spring,nefsc_abundance,134143837.14350636
2016,513,spring,nefsc_biomass,27756367.034314826
2016,513,spring,nefsc_abundance,103510632.96417093
2017,511,all,nefsc_biomass,23129356.279750895
2017,511,all,nefsc_abundance,62621132.6037896
2017,512,all,nefsc_biomass,42089643.226102374
2017,512,all,nefsc_abundance,245364940.66713807
2017,513,all,nefsc_biomass,142678601.38908833
2017,513,all,nefsc_abundance,273079441.0635148
2017,511,fall,nefsc_biomass,9196301.498101983
2017,511,fall,nefsc_abundance,29838214.494188137
2017,512,fall,nefsc_biomass,20625528.6087534
2017,512,fall,nefsc_abundance,121788483.72239393
2017,513,fall,nefsc_biomass,109294636.18583977
2017,513,fall,nefsc_abundance,164199624.7098036
2017,511,spring,nefsc_biomass,13933054.781648913
2017,511,spring,nefsc_abundance,32782918.10960146
2017,512,spring,nefsc_biomass,21464114.61734897
2017,512,spring,nefsc_abundance,123576456.94474415
2017,513,spring,nefsc_biomass,33383965.203248568
2017,513,spring,nefsc_abundance,108879816.35371122
2018,511,all,nefsc_biomass,7591570.985319107
2018,511,all,nefsc_abundance,22514486.683160167
2018,512,all,nefsc_biomass,44472380.8987175
2018,512,all,nefsc_abundance,311691870.3962453
2018,513,all,nefsc_biomass,35828656.26068517
2018,513,all,nefsc_abundance,243715639.7123931
2018,512,fall,nefsc_biomass,27067391.718520537
2018,512,fall,nefsc_abundance,257151810.2944776
2018,513,fall,nefsc_biomass,26546249.67948226
2018,513,fall,nefsc_abundance,124387262.97786997
2018,511,spring,nefsc_biomass,7591570.985319107
2018,511,spring,nefsc_abundance,22514486.683160167
2018,512,spring,nefsc_biomass,17404989.180196963
2018,512,spring,nefsc_abundance,54540060.10176771
2018,513,spring,nefsc_biomass,9282406.58120291
2018,513,spring,nefsc_abundance,119328376.73452315
2019,511,all,nefsc_biomass,14146008.097704815
2019,511,all,nefsc_abundance,41359865.417472
2019,512,all,nefsc_biomass,27026902.827986952
2019,512,all,nefsc_abundance,203333816.30173594
2019,513,all,nefsc_biomass,32311294.03660187
2019,513,all,nefsc_abundance,158490212.67113578
2019,511,fall,nefsc_biomass,10354345.469086671
2019,511,fall,nefsc_abundance,24144396.433388945
2019,512,fall,nefsc_biomass,17867161.801777292
2019,512,fall,nefsc_abundance,132282511.17357253
2019,513,fall,nefsc_biomass,20743907.661661323
2019,513,fall,nefsc_abundance,74727773.39988492
2019,511,spring,nefsc_biomass,3791662.6286181435
2019,511,spring,nefsc_abundance,17215468.984083056
2019,512,spring,nefsc_biomass,9159741.02620966
2019,512,spring,nefsc_abundance,71051305.12816341
2019,513,spring,nefsc_biomass,11567386.37494055
2019,513,spring,nefsc_abundance,83762439.27125087
1970,511-513,all,nefsc_biomass,555554189.1316905
1970,511-513,all,nefsc_abundance,431514197.4125325
1970,511-513,fall,nefsc_biomass,200249713.21741548
1970,511-513,fall,nefsc_abundance,152664501.58268994
1970,511-513,spring,nefsc_biomass,77527381.34842978
1970,511-513,spring,nefsc_abundance,63092597.12357632
1971,511-513,all,nefsc_biomass,353509351.4785641
1971,511-513,all,nefsc_abundance,324025279.4522961
1971,511-513,fall,nefsc_biomass,196767759.4929583
1971,511-513,fall,nefsc_abundance,197684102.1778081
1971,511-513,spring,nefsc_biomass,68364254.11596479
1971,511-513,spring,nefsc_abundance,45334857.411413945
1972,511-513,all,nefsc_biomass,390427856.10232276
1972,511-513,all,nefsc_abundance,642007933.4240497
1972,511-513,fall,nefsc_biomass,102964221.3382473
1972,511-513,fall,nefsc_abundance,188103317.29288885
1972,511-513,spring,nefsc_biomass,92249706.71291406
1972,511-513,spring,nefsc_abundance,132900649.41913602
1973,511-513,all,nefsc_biomass,565808121.0438466
1973,511-513,all,nefsc_abundance,493874052.43702483
1973,511-513,fall,nefsc_biomass,149015075.96172744
1973,511-513,fall,nefsc_abundance,140653327.12212002
1973,511-513,spring,nefsc_biomass,133888984.56019586
1973,511-513,spring,nefsc_abundance,106283699.0963924
1974,511-513,all,nefsc_biomass,369589660.36346287
1974,511-513,all,nefsc_abundance,543471637.2915393
1974,511-513,fall,nefsc_biomass,92464006.57964921
1974,511-513,fall,nefsc_abundance,115631597.87254949
1974,511-513,spring,nefsc_biomass,92330823.60208222
1974,511-513,spring,nefsc_abundance,156104220.77322018
1975,511-513,all,nefsc_biomass,410629579.54625386
1975,511-513,all,nefsc_abundance,1572675310.1107028
1975,511-513,fall,nefsc_biomass,86835424.5366503
1975,511-513,fall,nefsc_abundance,251333873.77695635
1975,511-513,spring,nefsc_biomass,118479365.23647663
1975,511-513,spring,nefsc_abundance,535003781.278395
1976,511-513,all,nefsc_biomass,281662354.5076867
1976,511-513,all,nefsc_abundance,453930501.9936368
1976,511-513,fall,nefsc_biomass,86921000.22362679
1976,511-513,fall,nefsc_abundance,139839447.3906803
1976,511-513,spring,nefsc_biomass,82076412.48098521
1976,511-513,spring,nefsc_abundance,132518853.80550176
1977,511-513,all,nefsc_biomass,517444181.8509598
1977,511-513,all,nefsc_abundance,639700183.8253604
1977,511-513,fall,nefsc_biomass,129556214.85471743
1977,511-513,fall,nefsc_abundance,185187159.22137204
1977,511-513,spring,nefsc_biomass,129165876.07076246
1977,511-513,spring,nefsc_abundance,134662932.69130814
1978,511-513,all,nefsc_biomass,373401883.13448197
1978,511-513,all,nefsc_abundance,625870641.0679283
1978,511-513,fall,nefsc_biomass,117186191.1714648
1978,511-513,fall,nefsc_abundance,217302187.05601063
1978,511-513,spring,nefsc_biomass,69514750.3957762
1978,511-513,spring,nefsc_abundance,95633133.47795354
1979,511-513,all,nefsc_biomass,364153485.3650803
1979,511-513,all,nefsc_abundance,841787176.3361889
1979,511-513,fall,nefsc_biomass,102413979.17617492
1979,511-513,fall,nefsc_abundance,291560811.4272922
1979,511-513,spring,nefsc_biomass,79662763.50636524
1979,511-513,spring,nefsc_abundance,129332776.74080221
1980,511-513,all,nefsc_biomass,515001436.304931
1980,511-513,all,nefsc_abundance,804975707.9748931
1980,511-513,fall,nefsc_biomass,155223718.53162315
1980,511-513,fall,nefsc_abundance,211055207.80720067
1980,511-513,spring,nefsc_biomass,102276999.62084235
1980,511-513,spring,nefsc_abundance,191432646.1802459
1981,511-513,all,nefsc_biomass,414979282.9419399
1981,511-513,all,nefsc_abundance,768711781.1482491
1981,511-513,fall,nefsc_biomass,126036971.51978675
1981,511-513,fall,nefsc_abundance,175203751.510415
1981,511-513,spring,nefsc_biomass,122950598.24537718
1981,511-513,spring,nefsc_abundance,286023317.1785345
1982,511-513,all,nefsc_biomass,262667713.39642334
1982,511-513,all,nefsc_abundance,571485552.0981475
1982,511-513,fall,nefsc_biomass,65300340.86879771
1982,511-513,fall,nefsc_abundance,167269282.8354853
1982,511-513,spring,nefsc_biomass,66033515.829413965
1982,511-513,spring,nefsc_abundance,118473493.21358848
1983,511-513,all,nefsc_biomass,423363558.35749054
1983,511-513,all,nefsc_abundance,1008635269.2636756
1983,511-513,fall,nefsc_biomass,127136219.46474564
1983,511-513,fall,nefsc_abundance,347812425.86699057
1983,511-513,spring,nefsc_biomass,84545559.71399964
1983,511-513,spring,nefsc_abundance,156505208.76484722
1984,511-513,all,nefsc_biomass,231894236.14762098
1984,511-513,all,nefsc_abundance,301520573.91497844
1984,511-513,fall,nefsc_biomass,142085650.3686182
1984,511-513,fall,nefsc_abundance,158389483.91098183
1984,511-513,spring,nefsc_biomass,31835026.742097545
1984,511-513,spring,nefsc_abundance,67750946.52525198
1985,511-513,all,nefsc_biomass,414411297.9161988
1985,511-513,all,nefsc_abundance,1211770830.8107889
1985,511-513,fall,nefsc_biomass,156696419.08824086
1985,511-513,fall,nefsc_abundance,574320627.2874446
1985,511-513,spring,nefsc_biomass,91950359.66147839
1985,511-513,spring,nefsc_abundance,152741871.19902876
1986,511-513,all,nefsc_biomass,352303445.5161033
1986,511-513,all,nefsc_abundance,1147158670.04986
1986,511-513,fall,nefsc_biomass,117582117.6895886
1986,511-513,fall,nefsc_abundance,330352520.07106954
1986,511-513,spring,nefsc_biomass,58569605.068463065
1986,511-513,spring,nefsc_abundance,243226814.9538604
1987,511-513,all,nefsc_biomass,184200289.6456739
1987,511-513,all,nefsc_abundance,457681000.95299244
1987,511-513,fall,nefsc_biomass,85337932.05110428
1987,511-513,fall,nefsc_abundance,235879762.1351383
1987,511-513,spring,nefsc_biomass,52812285.18315116
1987,511-513,spring,nefsc_abundance,107380988.57960601
1988,511-513,all,nefsc_biomass,264150619.21171972
1988,511-513,all,nefsc_abundance,828878161.6064632
1988,511-513,fall,nefsc_biomass,85876118.7411779
1988,511-513,fall,nefsc_abundance,277986842.8659184
1988,511-513,spring,nefsc_biomass,46199190.86468195
1988,511-513,spring,nefsc_abundance,136452237.93731317
1989,511-513,all,nefsc_biomass,270381574.6735829
1989,511-513,all,nefsc_abundance,1147440229.9380436
1989,511-513,fall,nefsc_biomass,96136577.78441621
1989,511-513,fall,nefsc_abundance,360665701.68604857
1989,511-513,spring,nefsc_biomass,39054209.552375235
1989,511-513,spring,nefsc_abundance,213054413.2829733
1990,511-513,all,nefsc_biomass,374468805.4729853
1990,511-513,all,nefsc_abundance,1314890036.9073164
1990,511-513,fall,nefsc_biomass,154808083.4797924
1990,511-513,fall,nefsc_abundance,557169915.8543025
1990,511-513,spring,nefsc_biomass,32426319.256700292
1990,511-513,spring,nefsc_abundance,100275102.59935577
1991,511-513,all,nefsc_biomass,365629122.4475769
1991,511-513,all,nefsc_abundance,1159664778.572726
1991,511-513,fall,nefsc_biomass,145144603.96594372
1991,511-513,fall,nefsc_abundance,422067196.88128877
1991,511-513,spring,nefsc_biomass,37669957.2578447
1991,511-513,spring,nefsc_abundance,157765192.40507424
1992,511-513,all,nefsc_biomass,329614818.3620186
1992,511-513,all,nefsc_abundance,1651888698.602995
1992,511-513,fall,nefsc_biomass,107655697.59540197
1992,511-513,fall,nefsc_abundance,420725775.9881544
1992,511-513,spring,nefsc_biomass,57151711.585607305
1992,511-513,spring,nefsc_abundance,405218573.3133431
1993,511-513,all,nefsc_biomass,242087001.9585594
1993,511-513,all,nefsc_abundance,1694456383.4031682
1993,511-513,fall,nefsc_biomass,88228781.26033767
1993,511-513,fall,nefsc_abundance,676170430.3027799
1993,511-513,spring,nefsc_biomass,32814719.718942035
1993,511-513,spring,nefsc_abundance,171057761.3988041
1994,511-513,all,nefsc_biomass,856878301.3625705
1994,511-513,all,nefsc_abundance,1824928832.1582453
1994,511-513,fall,nefsc_biomass,392447947.9023952
1994,511-513,fall,nefsc_abundance,580063153.1463082
1994,511-513,spring,nefsc_biomass,35991202.77889004
1994,511-513,spring,nefsc_abundance,332401262.93281454
1995,511-513,all,nefsc_biomass,437660404.0391486
1995,511-513,all,nefsc_abundance,2172900035.8015423
1995,511-513,fall,nefsc_biomass,191297626.36933663
1995,511-513,fall,nefsc_abundance,649625635.0747011
1995,511-513,spring,nefsc_biomass,27532575.650237676
1995,511-513,spring,nefsc_abundance,436824382.8260701
1996,511-513,all,nefsc_biomass,225889124.1924765
1996,511-513,all,nefsc_abundance,729807148.7998245
1996,511-513,fall,nefsc_biomass,72217550.83699262
1996,511-513,fall,nefsc_abundance,222321310.26742408
1996,511-513,spring,nefsc_biomass,40727011.25924564
1996,511-513,spring,nefsc_abundance,142582264.13248816
1997,511-513,all,nefsc_biomass,295988677.3332073
1997,511-513,all,nefsc_abundance,872247557.8861732
1997,511-513,fall,nefsc_biomass,119635270.88663732
1997,511-513,fall,nefsc_abundance,308645235.75253624
1997,511-513,spring,nefsc_biomass,28359067.77996632
1997,511-513,spring,nefsc_abundance,127478543.19055036
1998,511-513,all,nefsc_biomass,270568827.36518735
1998,511-513,all,nefsc_abundance,2486970781.8450074
1998,511-513,fall,nefsc_biomass,124558334.52187064
1998,511-513,fall,nefsc_abundance,869083182.9347615
1998,511-513,spring,nefsc_biomass,37782961.89724177
1998,511-513,spring,nefsc_abundance,623099286.172243
1999,511-513,all,nefsc_biomass,323558260.2565387
1999,511-513,all,nefsc_abundance,2195445521.978351
1999,511-513,fall,nefsc_biomass,158090329.6511113
1999,511-513,fall,nefsc_abundance,1015246449.8931342
1999,511-513,spring,nefsc_biomass,36044626.50281193
1999,511-513,spring,nefsc_abundance,302020863.2938765
2000,511-513,all,nefsc_biomass,672019721.809745
2000,511-513,all,nefsc_abundance,3160342681.5194426
2000,511-513,fall,nefsc_biomass,257824268.70242944
2000,511-513,fall,nefsc_abundance,894927612.0992019
2000,511-513,spring,nefsc_biomass,78185592.202443
2000,511-513,spring,nefsc_abundance,685243728.6605194
2001,511-513,all,nefsc_biomass,913263130.9186633
2001,511-513,all,nefsc_abundance,2682358018.328306
2001,511-513,fall,nefsc_biomass,355692044.85001683
2001,511-513,fall,nefsc_abundance,510304752.12111473
2001,511-513,spring,nefsc_biomass,100939520.6093148
2001,511-513,spring,nefsc_abundance,830874257.0430384
2002,511-513,all,nefsc_biomass,661034144.1841042
2002,511-513,all,nefsc_abundance,1399834879.8862913
2002,511-513,fall,nefsc_biomass,330484385.0013641
2002,511-513,fall,nefsc_abundance,530957175.2212194
2002,511-513,spring,nefsc_biomass,66136101.50909838
2002,511-513,spring,nefsc_abundance,308943752.7105554
2003,511-513,all,nefsc_biomass,241743200.38364834
2003,511-513,all,nefsc_abundance,1357887497.943632
2003,511-513,fall,nefsc_biomass,141471170.73454863
2003,511-513,fall,nefsc_abundance,648906824.9446511
2003,511-513,spring,nefsc_biomass,39836229.55318762
2003,511-513,spring,nefsc_abundance,369508798.51307285
2004,511-513,all,nefsc_biomass,427944867.81606597
2004,511-513,all,nefsc_abundance,1023007003.5346183
2004,511-513,fall,nefsc_biomass,168782206.3241972
2004,511-513,fall,nefsc_abundance,272231968.9855244
2004,511-513,spring,nefsc_biomass,45190227.583835796
2004,511-513,spring,nefsc_abundance,239271532.7817847
2005,511-513,all,nefsc_biomass,852731970.733647
2005,511-513,all,nefsc_abundance,834779859.0589982
2005,511-513,fall,nefsc_biomass,401134322.81098294
2005,511-513,fall,nefsc_abundance,331752516.7562924
2005,511-513,spring,nefsc_biomass,25231662.55584051
2005,511-513,spring,nefsc_abundance,85637412.77320673
2006,511-513,all,nefsc_biomass,879827446.6898891
2006,511-513,all,nefsc_abundance,936685668.5005912
2006,511-513,fall,nefsc_biomass,512815379.07852095
2006,511-513,fall,nefsc_abundance,497709397.74137235
2006,511-513,spring,nefsc_biomass,15081088.935412465
2006,511-513,spring,nefsc_abundance,64302003.358982354
2007,511-513,all,nefsc_biomass,268424206.05238488
2007,511-513,all,nefsc_abundance,1384049310.2744915
2007,511-513,fall,nefsc_biomass,135280145.87501317
2007,511-513,fall,nefsc_abundance,707790362.1623853
2007,511-513,spring,nefsc_biomass,25774377.756417748
2007,511-513,spring,nefsc_abundance,122639224.00230958
2008,511-513,all,nefsc_biomass,427701484.288373
2008,511-513,all,nefsc_abundance,1180739983.08617
2008,511-513,fall,nefsc_biomass,176895785.5483712
2008,511-513,fall,nefsc_abundance,360262750.6903624
2008,511-513,spring,nefsc_biomass,36954956.595815286
2008,511-513,spring,nefsc_abundance,230107240.85272256
2009,511-513,all,nefsc_biomass,286557309.9211975
2009,511-513,all,nefsc_abundance,1410297660.306389
2009,511-513,fall,nefsc_biomass,139515655.22217876
2009,511-513,fall,nefsc_abundance,595997975.5642923
2009,511-513,spring,nefsc_biomass,32418730.730539735
2009,511-513,spring,nefsc_abundance,250180620.6195412
2010,511-513,all,nefsc_biomass,251441026.28324893
2010,511-513,all,nefsc_abundance,2239425688.323669
2010,511-513,fall,nefsc_biomass,155307888.6249977
2010,511-513,fall,nefsc_abundance,776269333.6385726
2010,511-513,spring,nefsc_biomass,33272881.08743901
2010,511-513,spring,nefsc_abundance,903299932.604179
2011,511-513,all,nefsc_biomass,685928270.8927628
2011,511-513,all,nefsc_abundance,2441169778.656236
2011,511-513,fall,nefsc_biomass,217013774.91752633
2011,511-513,fall,nefsc_abundance,767323480.9668579
2011,511-513,spring,nefsc_biomass,125950360.52885503
2011,511-513,spring,nefsc_abundance,453261408.3612601
2012,511-513,all,nefsc_biomass,584473581.632387
2012,511-513,all,nefsc_abundance,3940173067.556674
2012,511-513,fall,nefsc_biomass,296605246.2886314
2012,511-513,fall,nefsc_abundance,1253198177.1411815
2012,511-513,spring,nefsc_biomass,54078902.690800875
2012,511-513,spring,nefsc_abundance,1110905663.3928232
2013,511-513,all,nefsc_biomass,754488397.3999425
2013,511-513,all,nefsc_abundance,3639348917.126741
2013,511-513,fall,nefsc_biomass,237119618.96124697
2013,511-513,fall,nefsc_abundance,1168670915.8691854
2013,511-513,spring,nefsc_biomass,140124579.73872426
2013,511-513,spring,nefsc_abundance,651003542.6941849
2014,511-513,all,nefsc_biomass,396219348.96337885
2014,511-513,all,nefsc_abundance,3445522971.0453434
2014,511-513,fall,nefsc_biomass,136017909.5578478
2014,511-513,fall,nefsc_abundance,943952139.8754514
2014,511-513,spring,nefsc_biomass,62091764.92384163
2014,511-513,spring,nefsc_abundance,778809345.6472204
2015,511-513,all,nefsc_biomass,444176655.32201487
2015,511-513,all,nefsc_abundance,2338534586.859258
2015,511-513,fall,nefsc_biomass,159549402.28565338
2015,511-513,fall,nefsc_abundance,796139302.2064384
2015,511-513,spring,nefsc_biomass,62538925.375354074
2015,511-513,spring,nefsc_abundance,373127991.22319067
2016,511-513,all,nefsc_biomass,1032933748.3118939
2016,511-513,all,nefsc_abundance,4094195794.255299
2016,511-513,fall,nefsc_biomass,379907076.4682466
2016,511-513,fall,nefsc_abundance,1182465951.5133293
2016,511-513,spring,nefsc_biomass,136559797.68770036
2016,511-513,spring,nefsc_abundance,864631945.6143203
2017,511-513,all,nefsc_biomass,1247385605.3696496
2017,511-513,all,nefsc_abundance,3486393086.0066547
2017,511-513,fall,nefsc_biomass,417349398.8780855
2017,511-513,fall,nefsc_abundance,947478968.779157
2017,511-513,spring,nefsc_biomass,206343403.80673936
2017,511-513,spring,nefsc_abundance,795717574.2241704
2018,511-513,all,nefsc_biomass,439463040.72360885
2018,511-513,all,nefsc_abundance,2889609983.958993
2018,511-513,fall,nefsc_biomass,107227282.79600559
2018,511-513,fall,nefsc_abundance,763078146.5446951
2018,511-513,spring,nefsc_biomass,102836900.24015695
2018,511-513,spring,nefsc_abundance,589148770.5583531
2019,511-513,all,nefsc_biomass,440905229.77376187
2019,511-513,all,nefsc_abundance,2419103366.3420625
2019,511-513,fall,nefsc_biomass,146896244.79757586
2019,511-513,fall,nefsc_abundance,693464043.0205392
2019,511-513,spring,nefsc_biomass,73556370.08930506
2019,511-513,spring,nefsc_abundance,516087640.150492
