Year,Season,Indicator,Value,Value_var,stat_area
1980,all,fvcom_bs,0.3227639908509287,0.962920450751526,511-513
1980,all,fvcom_sss,0.43094303246091753,1.2476733951716452,511-513
1980,fall,fvcom_bs,0.22481721407557695,0.7833717024114214,511-513
1980,fall,fvcom_sss,0.2505916142200378,0.8207231889483592,511-513
1980,spring,fvcom_bs,0.41701541657531627,1.1471766326471255,511-513
1980,spring,fvcom_sss,0.628720052422698,2.0773820202883284,511-513
1980,summer,fvcom_bs,0.3122216009182788,0.8435538597766754,511-513
1980,summer,fvcom_sss,0.4469773714374474,0.7634334919375945,511-513
1980,winter,fvcom_bs,0.386707794255266,1.1277167009632902,511-513
1980,winter,fvcom_sss,0.391481130198592,1.1051752532740506,511-513
1981,all,fvcom_bs,0.059047821587137624,1.0375851795114401,511-513
1981,all,fvcom_sss,0.18014283103354037,1.753231478261411,511-513
1981,fall,fvcom_bs,-0.17585350237215497,1.0329450426083109,511-513
1981,fall,fvcom_sss,-0.04584393440276468,2.322912369628032,511-513
1981,spring,fvcom_bs,0.21717471323378482,1.2617220842595427,511-513
1981,spring,fvcom_sss,0.35799029420712636,1.9534978810101613,511-513
1981,summer,fvcom_bs,0.17142967981806076,0.7623681517551546,511-513
1981,summer,fvcom_sss,0.3281594679807838,1.0845619716490666,511-513
1981,winter,fvcom_bs,0.214745675123425,0.7878463898933991,511-513
1981,winter,fvcom_sss,0.36408401474175617,1.3166021969364048,511-513
1982,all,fvcom_bs,0.12814159242139703,1.1047882718577129,511-513
1982,all,fvcom_sss,0.16006479576372518,1.5762983112869644,511-513
1982,fall,fvcom_bs,0.04788981923137074,0.6760805827058145,511-513
1982,fall,fvcom_sss,0.22412153424771128,0.9673074288283012,511-513
1982,spring,fvcom_bs,0.33899070600130354,1.5200619052000115,511-513
1982,spring,fvcom_sss,0.29390068881628023,2.7961113735124243,511-513
1982,summer,fvcom_bs,0.11178225168589166,1.1212383197119142,511-513
1982,summer,fvcom_sss,0.19088226561761007,1.0162858903933958,511-513
1982,winter,fvcom_bs,-0.1436330029902476,1.2252008957465803,511-513
1982,winter,fvcom_sss,-0.3063008635838882,1.5474884326188802,511-513
1983,all,fvcom_bs,0.06626066097120645,1.4000883508507964,511-513
1983,all,fvcom_sss,-0.00540915578999442,2.0819345104095146,511-513
1983,fall,fvcom_bs,0.1746135372419915,0.921945822143577,511-513
1983,fall,fvcom_sss,0.10519869133990412,0.9853146081225445,511-513
1983,spring,fvcom_bs,-0.0328229596655011,2.218995369746774,511-513
1983,spring,fvcom_sss,-0.07197012366833117,3.96024136208367,511-513
1983,summer,fvcom_bs,0.023778037180918886,1.308398911536644,511-513
1983,summer,fvcom_sss,-0.14328944174402217,1.3563889800527251,511-513
1983,winter,fvcom_bs,0.10591603362966479,0.8188273466677148,511-513
1983,winter,fvcom_sss,0.23187247590314788,1.3160788683547142,511-513
1984,all,fvcom_bs,-0.03484896239952481,1.4083266840497595,511-513
1984,all,fvcom_sss,-0.14116745085303373,1.9592208376918758,511-513
1984,fall,fvcom_bs,0.008242623936700067,0.7533138861664543,511-513
1984,fall,fvcom_sss,0.025991203695918463,0.6664355716338412,511-513
1984,spring,fvcom_bs,-0.05669856443410853,2.046649869949537,511-513
1984,spring,fvcom_sss,-0.08676431866587525,3.378575976832118,511-513
1984,summer,fvcom_bs,-0.1788828981963288,1.841852279506938,511-513
1984,summer,fvcom_sss,-0.5255513217737159,2.341826963740834,511-513
1984,winter,fvcom_bs,0.0753062395947923,1.2902367552345475,511-513
1984,winter,fvcom_sss,-0.11824414787014557,2.029134875166987,511-513
1985,all,fvcom_bs,0.31121575151056574,0.9093915410883121,511-513
1985,all,fvcom_sss,0.4218466510362486,1.1342039775841535,511-513
1985,fall,fvcom_bs,0.10297032333551083,0.8116474146076138,511-513
1985,fall,fvcom_sss,0.14659796504030387,0.9076917987853971,511-513
1985,spring,fvcom_bs,0.5131848595474569,1.0872848277017944,511-513
1985,spring,fvcom_sss,0.6969075275052798,1.7051196120610272,511-513
1985,summer,fvcom_bs,0.3321727454889536,0.9672645159610515,511-513
1985,summer,fvcom_sss,0.4444683009235204,0.9882542189276375,511-513
1985,winter,fvcom_bs,0.28965969327409496,0.6694993604831234,511-513
1985,winter,fvcom_sss,0.3993799619525855,0.7311623044571126,511-513
1986,all,fvcom_bs,0.26088374602335174,1.0580127999734792,511-513
1986,all,fvcom_sss,0.3543388846853844,1.620495866696947,511-513
1986,fall,fvcom_bs,0.15926806345037992,0.7496409209708548,511-513
1986,fall,fvcom_sss,0.2718178907307072,1.0062495343189617,511-513
1986,spring,fvcom_bs,0.3839781079246549,1.4882497866538542,511-513
1986,spring,fvcom_sss,0.541772197534278,2.7004028735707593,511-513
1986,summer,fvcom_bs,0.29407042606673245,1.0135144745170503,511-513
1986,summer,fvcom_sss,0.35141115116457566,1.2565061193269362,511-513
1986,winter,fvcom_bs,0.22835445950595976,0.8677924789722454,511-513
1986,winter,fvcom_sss,0.2687852328141394,1.219088853268641,511-513
1987,all,fvcom_bs,-0.0098593418678707,1.0803140108031761,511-513
1987,all,fvcom_sss,-0.015144372428931976,1.3960435236134086,511-513
1987,fall,fvcom_bs,-0.032302251044804574,0.7877831352618774,511-513
1987,fall,fvcom_sss,-0.0764405597002699,0.7984148268896296,511-513
1987,spring,fvcom_bs,-0.0837918455741314,1.759992422121687,511-513
1987,spring,fvcom_sss,-0.1377353478206555,2.7895984828229636,511-513
1987,summer,fvcom_bs,-0.001767426182884071,0.8840057672672609,511-513
1987,summer,fvcom_sss,0.05218146290014427,0.8369176272149786,511-513
1987,winter,fvcom_bs,0.10863683290474943,0.8711104756567695,511-513
1987,winter,fvcom_sss,0.1814748191123367,1.200601394399287,511-513
1988,all,fvcom_bs,0.5083625847268242,1.0043125457981585,511-513
1988,all,fvcom_sss,0.6181422833001451,1.3758849471717487,511-513
1988,fall,fvcom_bs,0.3518296557785532,0.8675481026648624,511-513
1988,fall,fvcom_sss,0.4670732492829674,1.2924965417887415,511-513
1988,spring,fvcom_bs,0.6886177992972471,1.2571836550399587,511-513
1988,spring,fvcom_sss,0.8763508877738537,2.1119838576515737,511-513
1988,summer,fvcom_bs,0.6012214150481475,0.8966100144717708,511-513
1988,summer,fvcom_sss,0.8114793225169625,0.8492606794454975,511-513
1988,winter,fvcom_bs,0.22838215407260665,0.9561951949796832,511-513
1988,winter,fvcom_sss,0.1369095840831367,1.07119230409497,511-513
1989,all,fvcom_bs,0.5658309243292153,1.0526125361912855,511-513
1989,all,fvcom_sss,0.6973148655789678,1.60281571908418,511-513
1989,fall,fvcom_bs,0.42400983289760985,0.7201284279840116,511-513
1989,fall,fvcom_sss,0.5947473590704339,1.1479555603702571,511-513
1989,spring,fvcom_bs,0.6853871485242845,1.5414565371249873,511-513
1989,spring,fvcom_sss,0.8171298304385961,2.9998388533037508,511-513
1989,summer,fvcom_bs,0.5424217331999192,1.2131391782392889,511-513
1989,summer,fvcom_sss,0.6949359642370612,1.4531122987037417,511-513
1989,winter,fvcom_bs,0.6091209037673941,0.8018692162911871,511-513
1989,winter,fvcom_sss,0.6311794735122165,0.9253475334301394,511-513
1990,all,fvcom_bs,0.4885803357296232,1.2768254383710258,511-513
1990,all,fvcom_sss,0.6247340489651863,2.173295655852707,511-513
1990,fall,fvcom_bs,0.18555599828801883,1.134714796261596,511-513
1990,fall,fvcom_sss,0.310997509170876,2.0765547452308724,511-513
1990,spring,fvcom_bs,0.81819814919523,1.5599805488685605,511-513
1990,spring,fvcom_sss,0.9548575483106674,3.0807969084045372,511-513
1990,summer,fvcom_bs,0.5102673100877652,1.1949826767661844,511-513
1990,summer,fvcom_sss,0.756002198680387,1.7494493735358905,511-513
1990,winter,fvcom_bs,0.5666257299365622,0.7774216369889528,511-513
1990,winter,fvcom_sss,0.6317068028353817,0.999060379706503,511-513
1991,all,fvcom_bs,0.20001360839420929,1.2432644654697662,511-513
1991,all,fvcom_sss,0.18572840027611215,1.7510105954497122,511-513
1991,fall,fvcom_bs,0.0656407103514732,1.1741028466977006,511-513
1991,fall,fvcom_sss,0.03687504287250583,1.6133016302718066,511-513
1991,spring,fvcom_bs,0.237326504176108,1.734358364147698,511-513
1991,spring,fvcom_sss,0.18494376788315073,3.068331099165481,511-513
1991,summer,fvcom_bs,0.3685137517428271,1.0167466597067385,511-513
1991,summer,fvcom_sss,0.3553243878281968,0.9374091231976395,511-513
1991,winter,fvcom_bs,0.17804469645132187,1.0049353675486492,511-513
1991,winter,fvcom_sss,0.2544923582873561,1.6511016497243631,511-513
1992,all,fvcom_bs,0.14728442837178599,1.1958233188861382,511-513
1992,all,fvcom_sss,0.11647447929975419,1.4247333244059472,511-513
1992,fall,fvcom_bs,-0.05563764623387447,0.8341632794557668,511-513
1992,fall,fvcom_sss,-0.032351938752568504,0.8714563248669036,511-513
1992,spring,fvcom_bs,0.43323587775432754,1.5547038456526439,511-513
1992,spring,fvcom_sss,0.27571012657344085,2.3671846940110566,511-513
1992,summer,fvcom_bs,0.1353559036707055,1.3097036848679156,511-513
1992,summer,fvcom_sss,0.11262375827669788,1.296746802375632,511-513
1992,winter,fvcom_bs,0.09217154244608765,1.034823032230869,511-513
1992,winter,fvcom_sss,0.07680194240248688,1.211606257667464,511-513
1993,all,fvcom_bs,-0.2017943334766027,1.0845459629078287,511-513
1993,all,fvcom_sss,-0.10468080465609121,1.5527500851133214,511-513
1993,fall,fvcom_bs,-0.29456277130332076,0.8298130757345029,511-513
1993,fall,fvcom_sss,-0.25171493506037856,1.0305309810776186,511-513
1993,spring,fvcom_bs,-0.16662502748367825,1.6021640639505492,511-513
1993,spring,fvcom_sss,-0.050490327208100066,2.7500825391505876,511-513
1993,summer,fvcom_bs,-0.21720620930722445,0.9754814507088165,511-513
1993,summer,fvcom_sss,-0.12356952233258388,1.0607591233815006,511-513
1993,winter,fvcom_bs,-0.029984007495292925,0.7733181473808519,511-513
1993,winter,fvcom_sss,0.09444238308188586,0.8349743716595,511-513
1994,all,fvcom_bs,0.10055645473258484,1.1389084634877298,511-513
1994,all,fvcom_sss,0.16540849570267388,1.550995750374134,511-513
1994,fall,fvcom_bs,0.24193582288437027,0.6757148236876476,511-513
1994,fall,fvcom_sss,0.35377935728324117,0.7421112119845482,511-513
1994,spring,fvcom_bs,-0.019464020752362372,1.7822360439177307,511-513
1994,spring,fvcom_sss,6.140241103818685e-4,3.146396232952839,511-513
1994,summer,fvcom_bs,0.23130892958064414,1.1554910298828371,511-513
1994,summer,fvcom_sss,0.27511820660519415,1.1421875721092056,511-513
1994,winter,fvcom_bs,-0.23741346879629116,1.022494174879602,511-513
1994,winter,fvcom_sss,-0.15601731918482123,1.530590101416315,511-513
1995,all,fvcom_bs,-0.17033892177750845,1.028572753010275,511-513
1995,all,fvcom_sss,-0.052705210194331734,1.3554224923791607,511-513
1995,fall,fvcom_bs,-0.2758767037930765,0.9145687702863143,511-513
1995,fall,fvcom_sss,-0.23153147171134672,1.2875262266030298,511-513
1995,spring,fvcom_bs,-0.14503425916317433,1.2183264168813301,511-513
1995,spring,fvcom_sss,0.01444960828624985,1.90738748318129,511-513
1995,summer,fvcom_bs,-0.18440694988541287,0.9766089205673648,511-513
1995,summer,fvcom_sss,-0.041828225154003584,0.9113532778979416,511-513
1995,winter,fvcom_bs,0.0996606938145773,0.8366095181633331,511-513
1995,winter,fvcom_sss,0.23260251431201912,1.1179231350919605,511-513
1996,all,fvcom_bs,-0.3173876957778161,1.466587553862171,511-513
1996,all,fvcom_sss,-0.34488679929427224,2.2635981209719103,511-513
1996,fall,fvcom_bs,-0.38230443551851995,1.0723237695320882,511-513
1996,fall,fvcom_sss,-0.4183130467832783,1.1422422076908993,511-513
1996,spring,fvcom_bs,-0.2487665180537191,1.8960408741570856,511-513
1996,spring,fvcom_sss,-0.2677749711649228,3.557865533742793,511-513
1996,summer,fvcom_bs,-0.16226465637845314,1.479060195686186,511-513
1996,summer,fvcom_sss,-0.16658928868217635,2.0770368490233357,511-513
1996,winter,fvcom_bs,-0.39806619447649877,1.198198489764427,511-513
1996,winter,fvcom_sss,-0.3549710521685458,1.7742368772924533,511-513
1997,all,fvcom_bs,-0.27329179142227256,1.0050737550632294,511-513
1997,all,fvcom_sss,-0.20093544185216547,1.4678070730602786,511-513
1997,fall,fvcom_bs,-0.21709810546894392,0.721439065314291,511-513
1997,fall,fvcom_sss,-0.12422892541124511,0.8488499252068127,511-513
1997,spring,fvcom_bs,-0.2758334289993513,1.456516365994581,511-513
1997,spring,fvcom_sss,-0.14045471511787697,2.9259391550029683,511-513
1997,summer,fvcom_bs,-0.20351721382371374,0.8879475704594602,511-513
1997,summer,fvcom_sss,-0.09558630797823248,0.9529818108881914,511-513
1997,winter,fvcom_bs,-0.47150231038348395,1.2270028631896999,511-513
1997,winter,fvcom_sss,-0.5633659680656161,1.7265580856691487,511-513
1998,all,fvcom_bs,-0.43788427314183587,1.201553055476939,511-513
1998,all,fvcom_sss,-0.45514562381659607,1.759700498700239,511-513
1998,fall,fvcom_bs,-0.24366479812137803,0.6221310174558985,511-513
1998,fall,fvcom_sss,-0.2118191795256988,0.7331913574716213,511-513
1998,spring,fvcom_bs,-0.6763522778156552,1.9967308483476414,511-513
1998,spring,fvcom_sss,-0.779690311384287,3.505354465378965,511-513
1998,summer,fvcom_bs,-0.2961777205628056,1.1993400192325427,511-513
1998,summer,fvcom_sss,-0.3114214265062002,1.6027611629728544,511-513
1998,winter,fvcom_bs,-0.5751661151391962,0.867196835159763,511-513
1998,winter,fvcom_sss,-0.5981235896483926,0.8686946892136228,511-513
1999,all,fvcom_bs,-0.05444963980950983,1.1012604588262112,511-513
1999,all,fvcom_sss,1.6205574964390135e-4,1.6358802374801882,511-513
1999,fall,fvcom_bs,0.1128272254407557,1.1023387417670358,511-513
1999,fall,fvcom_sss,0.08256992453436537,1.7124278080681683,511-513
1999,spring,fvcom_bs,-0.2304428037591894,1.347326634295703,511-513
1999,spring,fvcom_sss,-0.15140372277526132,2.3802776036994158,511-513
1999,summer,fvcom_bs,0.07113379915594976,0.8620120171435405,511-513
1999,summer,fvcom_sss,0.17588964932142578,0.8017697857963101,511-513
1999,winter,fvcom_bs,-0.2973218124614234,0.7854314483113841,511-513
1999,winter,fvcom_sss,-0.2249359246603269,1.1353564780470662,511-513
2000,all,fvcom_bs,0.10178090613111905,1.2181080218876006,511-513
2000,all,fvcom_sss,0.16412497132067627,1.7577766706341764,511-513
2000,fall,fvcom_bs,0.02649305266579143,0.6637896008909976,511-513
2000,fall,fvcom_sss,0.13849110581674762,0.7192596779340212,511-513
2000,spring,fvcom_bs,0.10875486211665819,2.194265131356299,511-513
2000,spring,fvcom_sss,0.11968518276977547,4.162209069159291,511-513
2000,summer,fvcom_bs,0.11045146334163763,1.1277474333597814,511-513
2000,summer,fvcom_sss,0.1819730859357946,1.0250442435827554,511-513
2000,winter,fvcom_bs,0.2177608296111662,0.9811762732171361,511-513
2000,winter,fvcom_sss,0.2834155707773479,1.3940648610636601,511-513
2001,all,fvcom_bs,-0.1669494745232194,0.7211003330861524,511-513
2001,all,fvcom_sss,-0.0525356935870851,0.8087676327121923,511-513
2001,fall,fvcom_bs,-0.0658154948729955,0.4008292838256688,511-513
2001,fall,fvcom_sss,0.06220823642348908,0.3246926563929045,511-513
2001,spring,fvcom_bs,-0.30256901510933776,1.0888332245871206,511-513
2001,spring,fvcom_sss,-0.20877917438048665,1.5708981988492174,511-513
2001,summer,fvcom_bs,-0.22181636605735092,0.8403772281243641,511-513
2001,summer,fvcom_sss,-0.14233616288611434,0.668455357571597,511-513
2001,winter,fvcom_bs,-0.07709678446519615,0.6617632383678798,511-513
2001,winter,fvcom_sss,0.020066107033797347,0.8579874963687596,511-513
2002,all,fvcom_bs,0.10124905005925706,0.8811752606531597,511-513
2002,all,fvcom_sss,0.22300407149995238,1.11200929557643,511-513
2002,fall,fvcom_bs,0.2694038834245863,0.6985185513399146,511-513
2002,fall,fvcom_sss,0.4107527373911746,0.7104303215281709,511-513
2002,spring,fvcom_bs,-0.09568240050528286,1.2328895928361545,511-513
2002,spring,fvcom_sss,0.04155058871801759,2.171876420181272,511-513
2002,summer,fvcom_bs,0.20071286111610093,0.9731933273805171,511-513
2002,summer,fvcom_sss,0.22793463313096957,0.8273093573303836,511-513
2002,winter,fvcom_bs,-0.05408224250176763,0.3646444055145426,511-513
2002,winter,fvcom_sss,0.14047834167062317,0.38379380569328647,511-513
2003,all,fvcom_bs,0.15339303190970133,1.07439252926963,511-513
2003,all,fvcom_sss,0.26652586024203706,1.6821755820699376,511-513
2003,fall,fvcom_bs,0.17747724961514155,1.0448752457258472,511-513
2003,fall,fvcom_sss,0.21436829236028082,1.8516442932571666,511-513
2003,spring,fvcom_bs,0.11993862843426886,1.2202204556993266,511-513
2003,spring,fvcom_sss,0.40877781424669457,2.2848840159727684,511-513
2003,summer,fvcom_bs,0.24071788063896632,1.1747783329598944,511-513
2003,summer,fvcom_sss,0.20392336530502114,1.086658188631775,511-513
2003,winter,fvcom_bs,0.13814832076088368,0.6423109185183041,511-513
2003,winter,fvcom_sss,0.34976111142014854,0.79707472987265,511-513
2004,all,fvcom_bs,-0.17419921143342862,1.1434387567503068,511-513
2004,all,fvcom_sss,-0.1833701746484419,1.3448007365955599,511-513
2004,fall,fvcom_bs,-0.3082171696693852,0.9610728533866678,511-513
2004,fall,fvcom_sss,-0.3655066205187325,0.9482569305918644,511-513
2004,spring,fvcom_bs,-0.08208653349310122,1.2410604820735163,511-513
2004,spring,fvcom_sss,-0.03878876530767554,1.7989483539890399,511-513
2004,summer,fvcom_bs,-0.22549500938149664,1.164912068533881,511-513
2004,summer,fvcom_sss,-0.19554407125469545,0.9912369285116208,511-513
2004,winter,fvcom_bs,0.10314263926174994,1.1352501063798648,511-513
2004,winter,fvcom_sss,0.080141350733921,1.894187192894668,511-513
2005,all,fvcom_bs,-0.4757761150538441,1.7926397446298517,511-513
2005,all,fvcom_sss,-0.6679543307092676,2.554082075434376,511-513
2005,fall,fvcom_bs,-0.30916333403063834,1.8499089032386056,511-513
2005,fall,fvcom_sss,-0.718355417238651,3.010832472519689,511-513
2005,spring,fvcom_bs,-0.6531404585323195,1.9284834079033832,511-513
2005,spring,fvcom_sss,-0.6861014792229192,3.5399671601687994,511-513
2005,summer,fvcom_bs,-0.4039134233115104,1.8645369985832028,511-513
2005,summer,fvcom_sss,-0.6329369810792591,1.7392646258385405,511-513
2005,winter,fvcom_bs,-0.6050515604682651,1.1496901033117723,511-513
2005,winter,fvcom_sss,-0.6329854122299289,1.4956046171455972,511-513
2006,all,fvcom_bs,-0.09119018396527173,1.5815523692185858,511-513
2006,all,fvcom_sss,-0.21615858721747958,2.3345975744410756,511-513
2006,fall,fvcom_bs,-0.06329172061621503,1.338460829986742,511-513
2006,fall,fvcom_sss,-0.1458891044847141,2.1355575344476083,511-513
2006,spring,fvcom_bs,0.003086529332150746,1.4335745871313996,511-513
2006,spring,fvcom_sss,0.02423010961817374,2.30770133252919,511-513
2006,summer,fvcom_bs,-0.12954593308890053,1.7853684211439789,511-513
2006,summer,fvcom_sss,-0.3768258248065152,2.056431347490794,511-513
2006,winter,fvcom_bs,-0.2767630454564427,1.9545558798436644,511-513
2006,winter,fvcom_sss,-0.5178936194791854,3.023257224457662,511-513
2007,all,fvcom_bs,-0.03330920706801669,1.2513668690244466,511-513
2007,all,fvcom_sss,-0.0333933821922511,1.7904133733280296,511-513
2007,fall,fvcom_bs,-0.10878550324454929,0.7773457115241809,511-513
2007,fall,fvcom_sss,-0.07038726174580355,1.174130426195805,511-513
2007,spring,fvcom_bs,0.05178767167529283,1.766388539104964,511-513
2007,spring,fvcom_sss,0.06231579122986377,3.2491598251207088,511-513
2007,summer,fvcom_bs,-0.2150681411090373,1.3337882373829477,511-513
2007,summer,fvcom_sss,-0.21540255830737678,1.1447692444363853,511-513
2007,winter,fvcom_bs,0.15037839667026986,1.2326917328312499,511-513
2007,winter,fvcom_sss,0.05105909773368584,1.7620482651117941,511-513
2008,all,fvcom_bs,-0.2081498080850938,1.2656005677330755,511-513
2008,all,fvcom_sss,-0.2394839332512106,2.0874638398972087,511-513
2008,fall,fvcom_bs,-0.2988126791867106,1.0454551570190889,511-513
2008,fall,fvcom_sss,-0.3152025513953822,1.6785850210198525,511-513
2008,spring,fvcom_bs,-0.16189314786514747,1.7336422764188275,511-513
2008,spring,fvcom_sss,-0.24674834182659988,3.2662411330923544,511-513
2008,summer,fvcom_bs,-0.17322748290607257,1.11083979596232,511-513
2008,summer,fvcom_sss,-0.11061052904287376,1.58924835738865,511-513
2008,winter,fvcom_bs,-0.10459459686342794,1.0011602697624422,511-513
2008,winter,fvcom_sss,-0.13735053868527514,1.5560260581834433,511-513
2009,all,fvcom_bs,-0.12422510078001361,1.1513637120404159,511-513
2009,all,fvcom_sss,-0.0880879803542786,1.4792571405101163,511-513
2009,fall,fvcom_bs,0.01994742264591278,1.0226831308693527,511-513
2009,fall,fvcom_sss,0.07745709819196238,1.158063772961525,511-513
2009,spring,fvcom_bs,-0.20948821737164192,1.2313119307006941,511-513
2009,spring,fvcom_sss,-0.12317849254633043,1.8592286389225374,511-513
2009,summer,fvcom_bs,-0.18307125429997903,1.4136013452537082,511-513
2009,summer,fvcom_sss,-0.19288654649980436,1.7823418936218671,511-513
2009,winter,fvcom_bs,-0.25446810227148636,0.9924917829282224,511-513
2009,winter,fvcom_sss,-0.28080908579637887,1.3828748851802717,511-513
2010,all,fvcom_bs,-0.1860214845389829,1.1809085304886153,511-513
2010,all,fvcom_sss,-0.22341099581856355,1.29887796448856,511-513
2010,fall,fvcom_bs,-0.1451167256163174,0.8161384873024169,511-513
2010,fall,fvcom_sss,-0.09332837786676143,1.23863045777669,511-513
2010,spring,fvcom_bs,-0.38689006063036224,1.824979594294116,511-513
2010,spring,fvcom_sss,-0.5345309175785999,1.9991639196706805,511-513
2010,summer,fvcom_bs,-0.1512649105750281,1.0079814165085161,511-513
2010,summer,fvcom_sss,-0.12683698763837792,0.7157776927323383,511-513
2010,winter,fvcom_bs,-0.0025408573492815504,0.9201077006719269,511-513
2010,winter,fvcom_sss,-0.05352731880887139,0.7138393784541242,511-513
2011,all,fvcom_bs,0.11247236611627613,1.5031629404924518,511-513
2011,all,fvcom_sss,-0.14612412012369852,1.4879684996139753,511-513
2011,fall,fvcom_bs,0.08922264294868722,1.4232305469455853,511-513
2011,fall,fvcom_sss,-0.2224111068991158,1.6854772355414027,511-513
2011,spring,fvcom_bs,0.09426856038702378,2.0530599739500444,511-513
2011,spring,fvcom_sss,-0.20313039238906677,2.450542453723771,511-513
2011,summer,fvcom_bs,0.17769668198631317,1.493583928144034,511-513
2011,summer,fvcom_sss,-0.09319976194310627,1.0770081116655459,511-513
2011,winter,fvcom_bs,-0.009149189824889489,1.1470434084298229,511-513
2011,winter,fvcom_sss,-0.12966630079579305,1.138948136598025,511-513
2012,all,fvcom_bs,0.42625890316155024,1.0313468972901179,511-513
2012,all,fvcom_sss,0.288890751144965,1.2603349907671202,511-513
2012,fall,fvcom_bs,0.45263554272833767,0.9529777697675934,511-513
2012,fall,fvcom_sss,0.2934260297975022,1.1496186971818543,511-513
2012,spring,fvcom_bs,0.4546464537448623,1.1520293981730398,511-513
2012,spring,fvcom_sss,0.31661482604543534,1.6185093660111947,511-513
2012,summer,fvcom_bs,0.33500060308789986,1.3801269873683741,511-513
2012,summer,fvcom_sss,0.13738284171113302,1.6343323354864043,511-513
2012,winter,fvcom_bs,0.3247083135403012,0.7923366970700796,511-513
2012,winter,fvcom_sss,0.1830734885828026,0.7156667769236559,511-513
2013,all,fvcom_bs,0.5375189116571375,1.1619715002392663,511-513
2013,all,fvcom_sss,0.40422357608147363,1.7048387469444293,511-513
2013,fall,fvcom_bs,0.5911706195926357,1.2950738764092653,511-513
2013,fall,fvcom_sss,0.3465566572140719,1.993847768355081,511-513
2013,spring,fvcom_bs,0.5936938277722041,1.0896265433614043,511-513
2013,spring,fvcom_sss,0.5653954718335992,1.8085721890179554,511-513
2013,summer,fvcom_bs,0.3385130612780449,1.5150249509619318,511-513
2013,summer,fvcom_sss,0.06806643569269452,1.8856784223960226,511-513
2013,winter,fvcom_bs,0.6519758821766591,0.5364525207243463,511-513
2013,winter,fvcom_sss,0.7134193529741685,0.5107895762173186,511-513
2014,all,fvcom_bs,0.13386582321322749,1.438901087481162,511-513
2014,all,fvcom_sss,0.15010246133307525,2.574956095164818,511-513
2014,fall,fvcom_bs,0.16225956276511466,0.6835597048718423,511-513
2014,fall,fvcom_sss,0.3776488540892253,1.1386265917129827,511-513
2014,spring,fvcom_bs,0.17627003930380583,1.8719815419480732,511-513
2014,spring,fvcom_sss,0.09440302284208545,3.0538079269197502,511-513
2014,summer,fvcom_bs,-0.11523644004565649,1.2606537204832209,511-513
2014,summer,fvcom_sss,0.022063565757490022,1.7347528154171146,511-513
2014,winter,fvcom_bs,0.40435158428620216,1.8458600595132106,511-513
2014,winter,fvcom_sss,0.1574659247419942,4.364181803786655,511-513
2015,all,fvcom_bs,0.26018072450973906,1.0240987950592388,511-513
2015,all,fvcom_sss,0.2800816736253088,1.2153198025398528,511-513
2015,fall,fvcom_bs,0.1456311870811089,0.8688320638427793,511-513
2015,fall,fvcom_sss,0.18219191715334412,1.2518546832767417,511-513
2015,spring,fvcom_bs,0.48709006664877513,1.0469651058775475,511-513
2015,spring,fvcom_sss,0.46967446185900463,1.1987048040195307,511-513
2015,summer,fvcom_bs,0.07546996865342415,1.2561948650369672,511-513
2015,summer,fvcom_sss,0.1579886801229738,1.4174788127287206,511-513
2015,winter,fvcom_bs,0.3943480792923745,0.8513395042361809,511-513
2015,winter,fvcom_sss,0.38633253975698517,0.978899027103104,511-513
2016,all,fvcom_bs,0.15181269686721294,1.0376415905493142,511-513
2016,all,fvcom_sss,0.13941223247488888,1.1143556082924042,511-513
2016,fall,fvcom_bs,0.22814616724400744,0.675649249600644,511-513
2016,fall,fvcom_sss,0.31371717509494057,0.583107370072617,511-513
2016,spring,fvcom_bs,0.07597099899364765,1.6519787252489457,511-513
2016,spring,fvcom_sss,-0.10215073342440878,2.2717826742205465,511-513
2016,summer,fvcom_bs,0.08706949639236893,1.0037321537889992,511-513
2016,summer,fvcom_sss,0.15128338574335012,0.7608534640652795,511-513
2016,winter,fvcom_bs,0.09584120326744923,0.8250103820605154,511-513
2016,winter,fvcom_sss,0.04871328613300985,1.022771072728811,511-513
2017,winter,fvcom_bs,0.44392500302667853,0.6946715163887288,511-513
2017,winter,fvcom_sss,0.504072600201431,0.7086664347735365,511-513
1980,all,fvcom_sss,0.2669629182187015,0.12597294190852687,511
1980,all,fvcom_sss,0.4055291806679082,1.8133752770745004,512
1980,all,fvcom_sss,0.5292211090083226,0.7198109219143478,513
1981,all,fvcom_sss,0.023630647361053084,0.10539961028788948,511
1981,all,fvcom_sss,0.11657719656916045,2.6250067422318653,512
1981,all,fvcom_sss,0.3377359539035344,0.911676358845389,513
1982,all,fvcom_sss,0.06160049821114434,0.06521183070007058,511
1982,all,fvcom_sss,0.14242468364590544,2.2126755751756226,512
1982,all,fvcom_sss,0.22293956299083795,1.0691826788821275,513
1983,all,fvcom_sss,-0.04951226646056217,0.05281883988045395,511
1983,all,fvcom_sss,-0.031135679893246764,2.952310165973849,512
1983,all,fvcom_sss,0.05167997528530468,1.3752711239726831,513
1984,all,fvcom_sss,-0.10229958124422715,0.059819757904687715,511
1984,all,fvcom_sss,-0.15513411889013246,2.749821722331918,512
1984,all,fvcom_sss,-0.13202164691058174,1.3368975685133906,513
1985,all,fvcom_sss,0.2618082517782905,0.04887533136525773,511
1985,all,fvcom_sss,0.42169029058274377,1.5229767920886086,512
1985,all,fvcom_sss,0.4777659224424127,0.8808103494409585,513
1986,all,fvcom_sss,0.3407961416705142,0.05534604008992928,511
1986,all,fvcom_sss,0.35857790970157916,2.2627170912547685,512
1986,all,fvcom_sss,0.3521703281460619,1.1227013162402202,513
1987,all,fvcom_sss,0.050584104999868325,0.0495358552756129,511
1987,all,fvcom_sss,0.004448051066196809,1.8458164559813235,512
1987,all,fvcom_sss,-0.06980097191858854,1.1345039821655787,513
1988,all,fvcom_sss,0.5028825937129191,0.1123409904748207,511
1988,all,fvcom_sss,0.6318246075366447,1.8378319557457128,512
1988,all,fvcom_sss,0.6360289793603248,1.0657324117330254,513
1989,all,fvcom_sss,0.6120007653596271,0.06516049473110377,511
1989,all,fvcom_sss,0.7159307716519452,2.241820494199653,512
1989,all,fvcom_sss,0.6967795040961747,1.1006774722851702,513
1990,all,fvcom_sss,0.5694409333359726,0.1781890126542154,511
1990,all,fvcom_sss,0.607817564495417,3.157185458785147,512
1990,all,fvcom_sss,0.6714184523482635,1.2705926576588797,513
1991,all,fvcom_sss,0.11587082713476923,0.1080325344085908,511
1991,all,fvcom_sss,0.19624301090402443,2.4760369839536764,512
1991,all,fvcom_sss,0.1929636110548321,1.145910787628558,513
1992,all,fvcom_sss,0.10171279774142232,0.10290675487859312,511
1992,all,fvcom_sss,0.1210759688976577,2.005533198872157,512
1992,all,fvcom_sss,0.11414169505364546,0.9419789624109539,513
1993,all,fvcom_sss,-0.1633726269024088,0.05965571782091956,511
1993,all,fvcom_sss,-0.10831493132574738,2.239699132305737,512
1993,all,fvcom_sss,-0.07836880898546235,0.9573086027934918,513
1994,all,fvcom_sss,0.08265992789974717,0.04712839846314802,511
1994,all,fvcom_sss,0.15798095426988398,2.2132657213982383,512
1994,all,fvcom_sss,0.20624399604150956,0.9993505167447149,513
1995,all,fvcom_sss,-0.24297802605824342,0.042484430780005786,511
1995,all,fvcom_sss,-0.053677665106369225,1.9042906483879143,512
1995,all,fvcom_sss,0.015054735433449271,0.9213951631021471,513
1996,all,fvcom_sss,-0.3699557388501218,0.09740268519179292,511
1996,all,fvcom_sss,-0.3674093366810597,3.2564161972478107,512
1996,all,fvcom_sss,-0.2996176685778387,1.4059154954183226,513
1997,all,fvcom_sss,-0.3338457082682796,0.05654386313462232,511
1997,all,fvcom_sss,-0.19997710792544904,2.1120993320469985,512
1997,all,fvcom_sss,-0.15626096511142,0.9131258750312937,513
1998,all,fvcom_sss,-0.4923572961394126,0.08604079015226197,511
1998,all,fvcom_sss,-0.4437544280124386,2.517567838376185,512
1998,all,fvcom_sss,-0.46068802851458407,1.1119783807657146,513
1999,all,fvcom_sss,0.01098280485679135,0.11448915496747544,511
1999,all,fvcom_sss,-0.009387870292779788,2.4101820647970547,512
1999,all,fvcom_sss,0.01189590548979839,0.9085252867154062,513
2000,all,fvcom_sss,0.054740272371139743,0.08937809342265349,511
2000,all,fvcom_sss,0.14595618415381617,2.544129524353396,512
2000,all,fvcom_sss,0.23165607116379805,1.061998395508875,513
2001,all,fvcom_sss,-0.3301103478890418,0.05326185934739615,511
2001,all,fvcom_sss,0.017190281735913075,1.042113787931363,512
2001,all,fvcom_sss,-0.0691390710814227,0.6928788766114933,513
2002,all,fvcom_sss,0.014813950601848803,0.07343907255328637,511
2002,all,fvcom_sss,0.23388747433274942,1.6285057441033024,512
2002,all,fvcom_sss,0.27775647628696287,0.6350823750114949,513
2003,all,fvcom_sss,0.17988253189632078,0.06665290901874127,511
2003,all,fvcom_sss,0.2509649908980048,2.4232695691233856,512
2003,all,fvcom_sss,0.3219147976738121,1.0414516280186359,513
2004,all,fvcom_sss,-0.2892046729558403,0.07057640060802776,511
2004,all,fvcom_sss,-0.1954653333868344,1.864834725943699,512
2004,all,fvcom_sss,-0.12693019143256656,0.9440997544128683,513
2005,all,fvcom_sss,-0.4663576762848432,0.08799829192334434,511
2005,all,fvcom_sss,-0.6859575900050638,3.5476748007815,512
2005,all,fvcom_sss,-0.7088592762111888,1.7994513424318925,513
2006,all,fvcom_sss,-0.062485054336562394,0.07929273531895481,511
2006,all,fvcom_sss,-0.19174641572324047,3.1761076818792016,512
2006,all,fvcom_sss,-0.30922624240701624,1.753451597952351,513
2007,all,fvcom_sss,-0.035508395587126144,0.07579535211155933,511
2007,all,fvcom_sss,-0.03544780364746591,2.4866881958050278,512
2007,all,fvcom_sss,-0.02932381698128206,1.2568897592732011,513
2008,all,fvcom_sss,-0.254243001071838,0.06629374864870038,511
2008,all,fvcom_sss,-0.19222508281181885,2.7646482897637616,512
2008,all,fvcom_sss,-0.3110418514438008,1.6915468266702391,513
2009,all,fvcom_sss,-0.18023110430536143,0.10034649740667223,511
2009,all,fvcom_sss,-0.07524051314918459,2.0606196245426096,512
2009,all,fvcom_sss,-0.07688702561951281,1.015445107501593,513
2010,all,fvcom_sss,-0.23279439510819885,0.07232099704918453,511
2010,all,fvcom_sss,-0.20428776205604238,1.8156203223165395,512
2010,all,fvcom_sss,-0.2511803255909603,0.8869386768288839,513
2011,all,fvcom_sss,0.11886487330756274,0.05659876822613466,511
2011,all,fvcom_sss,-0.161778974594266,2.021729681939361,512
2011,all,fvcom_sss,-0.212889558468939,1.1196503417989847,513
2012,all,fvcom_sss,0.509841416573947,0.043120421631947146,511
2012,all,fvcom_sss,0.26153235964859933,1.865854798074353,512
2012,all,fvcom_sss,0.2564354534828056,0.7010784203472876,513
2013,all,fvcom_sss,0.5624065706884442,0.0835754354872117,511
2013,all,fvcom_sss,0.4362891556125989,2.2984936229609088,512
2013,all,fvcom_sss,0.2971674870848258,1.3053752409662605,513
2014,all,fvcom_sss,0.39454557175885374,0.053188186360575256,511
2014,all,fvcom_sss,0.11652601386801234,3.966630466154147,512
2014,all,fvcom_sss,0.11956651922170214,1.1936881688073473,513
2015,all,fvcom_sss,0.46136970208812284,0.09281341858000287,511
2015,all,fvcom_sss,0.25681520086393184,1.806180476434616,512
2015,all,fvcom_sss,0.25478172351775136,0.6469100481373238,513
2016,all,fvcom_sss,0.276311863502354,0.04869849159423843,511
2016,all,fvcom_sss,0.12239165503716776,1.6149065500263795,512
2016,all,fvcom_sss,0.11941590657284801,0.6727265319211203,513
1980,all,fvcom_bs,0.17180053991881106,0.45802560321308505,511
1980,all,fvcom_bs,0.3160607734905782,1.1983058784702731,512
1980,all,fvcom_bs,0.3861509763392376,0.7565533522694918,513
1981,all,fvcom_bs,-0.016764027243151663,0.44422750686020085,511
1981,all,fvcom_bs,0.023831503684383047,1.3110066485931284,512
1981,all,fvcom_bs,0.14256608513293045,0.8002629965536908,513
1982,all,fvcom_bs,0.09445655168303087,0.48518765698652255,511
1982,all,fvcom_bs,0.10211667218514235,1.3046840078467348,512
1982,all,fvcom_bs,0.18209128326137836,0.9959113865475286,513
1983,all,fvcom_bs,0.11920526799164333,0.6055029762189167,511
1983,all,fvcom_bs,0.05327815693044722,1.7008366722670683,512
1983,all,fvcom_bs,0.06891311032753922,1.1884124860037522,513
1984,all,fvcom_bs,0.035971149942537826,0.5968822085650963,511
1984,all,fvcom_bs,-0.05465056298446255,1.7108596695242295,512
1984,all,fvcom_bs,-0.0273480726762011,1.199618707320285,513
1985,all,fvcom_bs,0.2695080753785764,0.4347620025855905,511
1985,all,fvcom_bs,0.31662051502470806,1.0737305889149766,512
1985,all,fvcom_bs,0.3169519368478611,0.8077912101226034,513
1986,all,fvcom_bs,0.27108669415037245,0.39434607430740687,511
1986,all,fvcom_bs,0.24917517316252216,1.2391162893212626,512
1986,all,fvcom_bs,0.27633552801537,0.9949592535667441,513
1987,all,fvcom_bs,0.049772908715759324,0.38400110714268104,511
1987,all,fvcom_bs,2.46278078554134e-4,1.2040724830212943,512
1987,all,fvcom_bs,-0.047000361043860336,1.1216749618610906,513
1988,all,fvcom_bs,0.43370711760589237,0.4398094845885816,511
1988,all,fvcom_bs,0.491323717449816,1.1212263817887813,512
1988,all,fvcom_bs,0.5619803214804598,1.0109340482834521,513
1989,all,fvcom_bs,0.47914921500586016,0.3872800594179907,511
1989,all,fvcom_bs,0.5462667685064498,1.2079689293304443,512
1989,all,fvcom_bs,0.6277297317921439,1.0319206844870754,513
1990,all,fvcom_bs,0.4082963261100578,0.4682352593414719,511
1990,all,fvcom_bs,0.4581328366378782,1.5518045618812304,512
1990,all,fvcom_bs,0.565915309987075,1.1118389794111616,513
1991,all,fvcom_bs,0.1764818227842165,0.5340252815118153,511
1991,all,fvcom_bs,0.1925957976698834,1.458735600469215,512
1991,all,fvcom_bs,0.22023617613904115,1.1402905066181976,513
1992,all,fvcom_bs,0.14639958519242297,0.5461529866840308,511
1992,all,fvcom_bs,0.14521313419879142,1.436882864896604,512
1992,all,fvcom_bs,0.15095348928130062,1.0306049702273492,513
1993,all,fvcom_bs,-0.20228240378405268,0.4615746165109001,511
1993,all,fvcom_bs,-0.20381687512755828,1.3310520510327424,512
1993,all,fvcom_bs,-0.19834239595489309,0.9012023798678579,513
1994,all,fvcom_bs,0.08532944000281974,0.48987582043217787,511
1994,all,fvcom_bs,0.100250269844896,1.4002478550603732,512
1994,all,fvcom_bs,0.10634968351038597,0.9405582432557944,513
1995,all,fvcom_bs,-0.26278599302873534,0.4700143192033397,511
1995,all,fvcom_bs,-0.15203406674709002,1.2674587373110664,512
1995,all,fvcom_bs,-0.1678884772494763,0.8351905580484186,513
1996,all,fvcom_bs,-0.3090251577054224,0.5509073990498078,511
1996,all,fvcom_bs,-0.32000106284166124,1.8061204675144322,512
1996,all,fvcom_bs,-0.3160554411999764,1.23409210388648,513
1997,all,fvcom_bs,-0.3747243758085542,0.4030056777044977,511
1997,all,fvcom_bs,-0.2916937144998479,1.226262272148795,512
1997,all,fvcom_bs,-0.2081483122818838,0.855544740730701,513
1998,all,fvcom_bs,-0.4887158416984798,0.4620977984889029,511
1998,all,fvcom_bs,-0.4309870911421742,1.4308800177530872,512
1998,all,fvcom_bs,-0.43139645181253633,1.0866038441550796,513
1999,all,fvcom_bs,-0.001198307795696509,0.5538731344958457,511
1999,all,fvcom_bs,-0.07023549694338245,1.379496650791813,512
1999,all,fvcom_bs,-0.047354605231614,0.8401352730415953,513
2000,all,fvcom_bs,0.05384571013487895,0.5217861961153845,511
2000,all,fvcom_bs,0.10295069528248528,1.5088849662796804,512
2000,all,fvcom_bs,0.11655568779604306,0.9884350491768059,513
2001,all,fvcom_bs,-0.35492177904743516,0.4334864625236204,511
2001,all,fvcom_bs,-0.08299525918888366,0.8009116740300148,512
2001,all,fvcom_bs,-0.2378084277988361,0.691622358753644,513
2002,all,fvcom_bs,0.009069734007918743,0.5114090082464473,511
2002,all,fvcom_bs,0.1083264578652139,1.0969573486794026,512
2002,all,fvcom_bs,0.121826226758634,0.6596191468436947,513
2003,all,fvcom_bs,0.14651183927989786,0.49294796692366827,511
2003,all,fvcom_bs,0.15316327025755866,1.316284481584321,512
2003,all,fvcom_bs,0.15615934666884454,0.8840926518405069,513
2004,all,fvcom_bs,-0.24233973293175845,0.5263453784846821,511
2004,all,fvcom_bs,-0.17902219009354917,1.372102512205825,512
2004,all,fvcom_bs,-0.14267144657663414,0.9870051418061874,513
2005,all,fvcom_bs,-0.34630282042281196,0.7132232684648371,511
2005,all,fvcom_bs,-0.47780899097386714,2.0763096481000347,512
2005,all,fvcom_bs,-0.5175113601363749,1.7077503677232968,513
2006,all,fvcom_bs,-0.040281437332773666,0.5679556589421945,511
2006,all,fvcom_bs,-0.09811406889725675,1.7475585843984558,512
2006,all,fvcom_bs,-0.09766151641197926,1.664713406913546,513
2007,all,fvcom_bs,-0.09764689223492014,0.4766861726236388,511
2007,all,fvcom_bs,-0.06059897398982412,1.3775471551942322,512
2007,all,fvcom_bs,0.033354862178069655,1.3160560710622438,513
2008,all,fvcom_bs,-0.27201146830533107,0.506757854115454,511
2008,all,fvcom_bs,-0.20179351006353344,1.2825080200798873,512
2008,all,fvcom_bs,-0.19625203621974094,1.5021085013874453,513
2009,all,fvcom_bs,-0.1528636029751757,0.6370431397490133,511
2009,all,fvcom_bs,-0.11236073206751251,1.3498486872992153,512
2009,all,fvcom_bs,-0.1335173411351206,1.0081570593563418,513
2010,all,fvcom_bs,-0.1874620949170378,0.5551976635452662,511
2010,all,fvcom_bs,-0.16331970474883617,1.4259071052975798,512
2010,all,fvcom_bs,-0.22236077621734765,1.0009642118094746,513
2011,all,fvcom_bs,0.29181424559947117,0.6255310777186435,511
2011,all,fvcom_bs,0.0948210045709181,1.7938901954720725,512
2011,all,fvcom_bs,0.07873715338668003,1.3366349642929116,513
2012,all,fvcom_bs,0.5210698860491175,0.32759059575867855,511
2012,all,fvcom_bs,0.39232702330885694,1.3215797160907234,512
2012,all,fvcom_bs,0.44834571296395864,0.8051428344107638,513
2013,all,fvcom_bs,0.6002314775607154,0.4484793998118828,511
2013,all,fvcom_bs,0.5336824680011965,1.2758601853540208,512
2013,all,fvcom_bs,0.5219316133979076,1.2253244821229672,513
2014,all,fvcom_bs,0.22697814491959284,0.333125165970896,511
2014,all,fvcom_bs,0.1414130998023172,1.8352017303426296,512
2014,all,fvcom_bs,0.08923123309029324,1.18040342000214,513
2015,all,fvcom_bs,0.39114196858750594,0.4478435835734792,511
2015,all,fvcom_bs,0.2615125127466951,1.2929611122447235,512
2015,all,fvcom_bs,0.21246776587019103,0.7882265066533993,513
2016,all,fvcom_bs,0.2753917277595751,0.4266683292790385,511
2016,all,fvcom_bs,0.16039316713829394,1.32786507623807,512
2016,all,fvcom_bs,0.0949043271979978,0.7791803115831918,513
1980,fall,fvcom_sss,0.008546463684117425,0.09510910659351494,511
1980,fall,fvcom_sss,0.20118809714465583,1.3146834162935186,512
1980,fall,fvcom_sss,0.4149530967579167,0.27151366416970896,513
1981,fall,fvcom_sss,-0.100668513857546,0.06294892070733492,511
1981,fall,fvcom_sss,-0.16681558540610053,3.813627880971164,512
1981,fall,fvcom_sss,0.16953788175965845,0.6898583857451434,513
1982,fall,fvcom_sss,0.06244903630191712,0.027044921032038653,511
1982,fall,fvcom_sss,0.17420852543018392,1.543249479240934,512
1982,fall,fvcom_sss,0.3613541130596506,0.3597183932088514,513
1983,fall,fvcom_sss,-0.017345117647615794,0.04290132637575415,511
1983,fall,fvcom_sss,0.08768389579463047,1.5256916655279404,512
1983,fall,fvcom_sss,0.17624557748365124,0.43618842142477515,513
1984,fall,fvcom_sss,-0.03760466369710625,0.0370798938018398,511
1984,fall,fvcom_sss,0.006685881998601106,1.020348604646296,512
1984,fall,fvcom_sss,0.07944011792897437,0.31101298884661704,513
1985,fall,fvcom_sss,0.14395944086394732,0.05070908310712369,511
1985,fall,fvcom_sss,0.16175719096795,1.2874775246106116,512
1985,fall,fvcom_sss,0.1229153706221162,0.5894577170887436,513
1986,fall,fvcom_sss,0.21663426011697462,0.045749259674227466,511
1986,fall,fvcom_sss,0.2629259643934727,1.57183391743985,512
1986,fall,fvcom_sss,0.3054419858345682,0.4225081103529157,513
1987,fall,fvcom_sss,0.02907574591376282,0.03349327428420616,511
1987,fall,fvcom_sss,-0.007482161580096988,1.217261978212909,512
1987,fall,fvcom_sss,-0.22504734497137738,0.3847707183041496,513
1988,fall,fvcom_sss,0.26094820474623986,0.05752095932405467,511
1988,fall,fvcom_sss,0.4321500663183624,1.860423239380289,512
1988,fall,fvcom_sss,0.5954421433569872,0.8004236898917028,513
1989,fall,fvcom_sss,0.39756662076758825,0.026483763728124783,511
1989,fall,fvcom_sss,0.5751362200024258,1.692410860582475,512
1989,fall,fvcom_sss,0.6951568556515872,0.6544924372362956,513
1990,fall,fvcom_sss,0.17213757586136635,0.07680626382415644,511
1990,fall,fvcom_sss,0.24190712178210852,3.2243128199512237,512
1990,fall,fvcom_sss,0.47141626973903433,0.9095414071669267,513
1991,fall,fvcom_sss,-0.08975236458302038,0.14908847714207485,511
1991,fall,fvcom_sss,0.026026674022288674,2.3725708037478266,512
1991,fall,fvcom_sss,0.09852405578553244,0.8904536452612513,513
1992,fall,fvcom_sss,-0.13533293283897657,0.023471257081230594,511
1992,fall,fvcom_sss,-0.03548648326834312,1.309203548550184,512
1992,fall,fvcom_sss,0.0085542659781736,0.456032898495516,513
1993,fall,fvcom_sss,-0.1916610860739719,0.07906926370066562,511
1993,fall,fvcom_sss,-0.2877928365778904,1.6593303610706165,512
1993,fall,fvcom_sss,-0.214056130482579,0.34106062217426764,513
1994,fall,fvcom_sss,0.10914475669525567,0.032510266336118844,511
1994,fall,fvcom_sss,0.35009039256214874,1.0874511559122562,512
1994,fall,fvcom_sss,0.4448560929517163,0.4285124074578391,513
1995,fall,fvcom_sss,-0.3153578155049813,0.03283928073122488,511
1995,fall,fvcom_sss,-0.22378740256928162,1.8945188242415432,512
1995,fall,fvcom_sss,-0.21494153248957945,0.7389134870487024,513
1996,fall,fvcom_sss,-0.6159866644357279,0.02781939363121909,511
1996,fall,fvcom_sss,-0.4188193230165272,1.5535077023851063,512
1996,fall,fvcom_sss,-0.3487354224551445,0.8624672426955592,513
1997,fall,fvcom_sss,-0.29412976685254116,0.04013824089140804,511
1997,fall,fvcom_sss,-0.11680904506754246,1.3253099495425325,512
1997,fall,fvcom_sss,-0.077173937970622,0.356943186017307,513
1998,fall,fvcom_sss,-0.3559693365242427,0.025670693604230545,511
1998,fall,fvcom_sss,-0.17970246191384748,1.1536663019855478,512
1998,fall,fvcom_sss,-0.213798898151313,0.296940144934624,513
1999,fall,fvcom_sss,0.2746251425029366,0.08952406216369294,511
1999,fall,fvcom_sss,0.04985651827510831,2.7595722573760746,512
1999,fall,fvcom_sss,0.06885531763111852,0.5776135005399737,513
2000,fall,fvcom_sss,-0.1440200892438293,0.07673450975885807,511
2000,fall,fvcom_sss,0.10737846492890467,1.1092676346219774,512
2000,fall,fvcom_sss,0.28724536058060407,0.3098430640606735,513
2001,fall,fvcom_sss,-0.16809506298091825,0.030798612094568602,511
2001,fall,fvcom_sss,0.1684294223963582,0.4931118079157716,512
2001,fall,fvcom_sss,-0.03006165923435778,0.1536066268502819,513
2002,fall,fvcom_sss,0.23843899696687496,0.05248850191932683,511
2002,fall,fvcom_sss,0.45012860530976734,1.1264641845696988,512
2002,fall,fvcom_sss,0.4067889225498305,0.26414126599805077,513
2003,fall,fvcom_sss,0.25230757982050817,0.061089081304270695,511
2003,fall,fvcom_sss,0.22280344515855655,2.92385592492926,512
2003,fall,fvcom_sss,0.18748348025376368,0.7344645980737314,513
2004,fall,fvcom_sss,-0.44720115238825703,0.03294393175518035,511
2004,fall,fvcom_sss,-0.37587008853128867,1.421224322944077,512
2004,fall,fvcom_sss,-0.3202733293804018,0.49909674118793135,513
2005,fall,fvcom_sss,-0.3601637681141509,0.08744527664819665,511
2005,fall,fvcom_sss,-0.727709921282578,4.464328069659032,512
2005,fall,fvcom_sss,-0.8277633585502714,1.6689349288399333,513
2006,fall,fvcom_sss,0.05673719356957011,0.0720468297753513,511
2006,fall,fvcom_sss,-0.0588838806500959,3.0302845113990955,512
2006,fall,fvcom_sss,-0.3575596078215834,1.401340393922326,513
2007,fall,fvcom_sss,-0.12264057876616688,0.053349268942670273,511
2007,fall,fvcom_sss,-0.06555622404367871,1.8763242470573114,512
2007,fall,fvcom_sss,-0.06005198704381397,0.42444952835466254,513
2008,fall,fvcom_sss,-0.3332870405330772,0.03723375262674005,511
2008,fall,fvcom_sss,-0.24564283191631978,2.309672997055086,512
2008,fall,fvcom_sss,-0.42179357820599045,1.2253623189513498,513
2009,fall,fvcom_sss,0.049443202641035744,0.12314093186359815,511
2009,fall,fvcom_sss,0.06749414740677098,1.818799340305346,512
2009,fall,fvcom_sss,0.10336890561549188,0.4457974303800558,513
2010,fall,fvcom_sss,-0.142845372347324,0.053625322943540936,511
2010,fall,fvcom_sss,-0.08955375731874753,2.0560439030426805,512
2010,fall,fvcom_sss,-0.08223051724462355,0.32431030736338756,513
2011,fall,fvcom_sss,0.25155505540832473,0.03641769825542922,511
2011,fall,fvcom_sss,-0.2428299766620769,2.483150709869539,512
2011,fall,fvcom_sss,-0.35413322781609946,0.9646012719567869,513
2012,fall,fvcom_sss,0.5173368867584753,0.03437239308697897,511
2012,fall,fvcom_sss,0.2107444112872025,1.9053233922669377,512
2012,fall,fvcom_sss,0.34971945106927166,0.3111753623987553,513
2013,fall,fvcom_sss,0.5766798935479225,0.02852655756326969,511
2013,fall,fvcom_sss,0.3240446792694211,2.8820868057620475,512
2013,fall,fvcom_sss,0.3030461561409144,1.2360063673390482,513
2014,fall,fvcom_sss,0.481837807711392,0.048036467534163664,511
2014,fall,fvcom_sss,0.43740184550537986,1.8485457673183803,512
2014,fall,fvcom_sss,0.24444226017868403,0.36590778471636337,513
2015,fall,fvcom_sss,0.3945263566473416,0.08359987352493117,511
2015,fall,fvcom_sss,0.13780110562296424,2.066028345396791,512
2015,fall,fvcom_sss,0.1803737228328169,0.3369658422646943,513
2016,fall,fvcom_sss,0.341672583056196,0.028851657914686836,511
2016,fall,fvcom_sss,0.27433739929130946,0.9660782321878192,512
2016,fall,fvcom_sss,0.3678989255394564,0.1544081106339017,513
1980,spring,fvcom_sss,0.47488125587303753,0.06054691887374467,511
1980,spring,fvcom_sss,0.6289547491800206,2.8821839603118224,512
1980,spring,fvcom_sss,0.681848333923094,1.472859941376779,513
1981,spring,fvcom_sss,0.12481415767556828,0.0734057581758188,511
1981,spring,fvcom_sss,0.32148390234306873,2.630337033413924,512
1981,spring,fvcom_sss,0.49833748995049276,1.5090706176604185,513
1982,spring,fvcom_sss,0.2073718644505773,0.07329123253435173,511
1982,spring,fvcom_sss,0.32902805687532133,3.859570160467835,512
1982,spring,fvcom_sss,0.2669930938958481,2.017401828205828,513
1983,spring,fvcom_sss,-0.13001306943864058,0.055671867700776874,511
1983,spring,fvcom_sss,-0.09936230421335343,5.391598697285087,512
1983,spring,fvcom_sss,-0.007329332504186267,2.9955505165186653,513
1984,spring,fvcom_sss,-0.18024161715720016,0.044731052112083454,511
1984,spring,fvcom_sss,-0.07882331306269133,4.5276811309822245,512
1984,spring,fvcom_sss,-0.06713711347734978,2.673410148202074,513
1985,spring,fvcom_sss,0.38059802479720256,0.014043657368182572,511
1985,spring,fvcom_sss,0.7005923260018727,2.2544611951216633,512
1985,spring,fvcom_sss,0.8009485452230194,1.4018502306066722,513
1986,spring,fvcom_sss,0.5399980359339424,0.04802693526085752,511
1986,spring,fvcom_sss,0.5664656928728433,3.7300419665800986,512
1986,spring,fvcom_sss,0.5023167742336206,1.9520734849618686,513
1987,spring,fvcom_sss,0.015645272834067303,0.047784712364832574,511
1987,spring,fvcom_sss,-0.17033047352391587,3.5175160687607363,512
1987,spring,fvcom_sss,-0.13818986617270648,2.56201057433359,513
1988,spring,fvcom_sss,0.8482638839913038,0.06466569643596075,511
1988,spring,fvcom_sss,0.9270512270141296,2.7861351988474787,512
1988,spring,fvcom_sss,0.8038439366913789,1.730083944053778,513
1989,spring,fvcom_sss,0.7665998432427663,0.05946504394729998,511
1989,spring,fvcom_sss,0.8530522231546411,4.204936550319126,512
1989,spring,fvcom_sss,0.7764107374528233,2.0669489919538995,513
1990,spring,fvcom_sss,1.049688287298758,0.05567529686418254,511
1990,spring,fvcom_sss,0.9661728397205951,4.3233965789095095,512
1990,spring,fvcom_sss,0.903510525775315,2.1165264642783086,513
1991,spring,fvcom_sss,0.1825263795543225,0.07024612433504637,511
1991,spring,fvcom_sss,0.22376819703806608,4.421451625218454,512
1991,spring,fvcom_sss,0.12278044271557732,1.9153037267455668,513
1992,spring,fvcom_sss,0.39426098459331876,0.05134647700995177,511
1992,spring,fvcom_sss,0.29446987853707335,3.31475447176101,512
1992,spring,fvcom_sss,0.20403178176067907,1.6349805214606943,513
1993,spring,fvcom_sss,-0.26078274125050904,0.023755915593234797,511
1993,spring,fvcom_sss,-0.04839895603063097,3.750163299873733,512
1993,spring,fvcom_sss,0.019260990019242138,2.075442292398899,513
1994,spring,fvcom_sss,0.006326767888735019,0.05934775393207855,511
1994,spring,fvcom_sss,-0.007174961437942839,4.496791060800391,512
1994,spring,fvcom_sss,0.01126692291630888,2.0287359421569233,513
1995,spring,fvcom_sss,-0.28232450972195333,0.02116344856883585,511
1995,spring,fvcom_sss,0.022976706756292882,2.682455153521833,512
1995,spring,fvcom_sss,0.10383764112208851,1.3056881429991474,513
1996,spring,fvcom_sss,-0.13481482787820795,0.0441177481705532,511
1996,spring,fvcom_sss,-0.2667023528710605,5.038085239236287,512
1996,spring,fvcom_sss,-0.31576261896362035,2.377943008763789,513
1997,spring,fvcom_sss,-0.23299896781313503,0.02001620839417799,511
1997,spring,fvcom_sss,-0.1269265054179786,4.19330723337491,512
1997,spring,fvcom_sss,-0.13021894402241666,1.8800142148908066,513
1998,spring,fvcom_sss,-0.6349145085284787,0.08134769160154207,511
1998,spring,fvcom_sss,-0.7893659006710632,5.157356495842748,512
1998,spring,fvcom_sss,-0.8143455979181079,2.015449883672305,513
1999,spring,fvcom_sss,-0.18115919426912017,0.054911236131593925,511
1999,spring,fvcom_sss,-0.14571229032666871,3.3091325111627494,512
1999,spring,fvcom_sss,-0.15029003141136493,1.6817580004011925,513
2000,spring,fvcom_sss,0.1428117595679878,0.094476699989141,511
2000,spring,fvcom_sss,0.06911012616623244,6.077101560850193,512
2000,spring,fvcom_sss,0.19371419150916686,2.469591266866963,513
2001,spring,fvcom_sss,-0.5592940293886745,0.010723913772033045,511
2001,spring,fvcom_sss,-0.1268104023780653,1.8311459299300026,512
2001,spring,fvcom_sss,-0.21987961745089823,1.6912383536791613,513
2002,spring,fvcom_sss,-0.15240387645393919,0.04869899186957848,511
2002,spring,fvcom_sss,-0.008998796797388449,3.1937694046402765,512
2002,spring,fvcom_sss,0.19104438788097286,1.2520483440853576,513
2003,spring,fvcom_sss,0.18129118396572347,0.07466193485686119,511
2003,spring,fvcom_sss,0.3718264929295193,3.1288490325230334,512
2003,spring,fvcom_sss,0.5478680813467962,1.6840732617476126,513
2004,spring,fvcom_sss,-0.24803441740509038,0.026598710055817692,511
2004,spring,fvcom_sss,-0.04537805744847654,2.339886627913041,512
2004,spring,fvcom_sss,0.04468541267972866,1.5375849442536562,513
2005,spring,fvcom_sss,-0.5401979535649005,0.035755180912203366,511
2005,spring,fvcom_sss,-0.6871365637092701,4.783923942018314,512
2005,spring,fvcom_sss,-0.7351707999269412,2.7401345281191793,513
2006,spring,fvcom_sss,0.014544298219931778,0.02625698983890686,511
2006,spring,fvcom_sss,0.01683712740729092,3.2191859232100954,512
2006,spring,fvcom_sss,0.03959639470290793,1.6220929961085009,513
2007,spring,fvcom_sss,0.051799730035771124,0.04750637706754247,511
2007,spring,fvcom_sss,0.05792864721288382,4.337098346624693,512
2007,spring,fvcom_sss,0.07309299452116899,2.5972753626374376,513
2008,spring,fvcom_sss,-0.18698340804442426,0.08673048757489352,511
2008,spring,fvcom_sss,-0.20338859849609145,4.249510393207573,512
2008,spring,fvcom_sss,-0.3379001936937634,2.7765117592428257,513
2009,spring,fvcom_sss,-0.37808992102739997,0.026071179375232314,511
2009,spring,fvcom_sss,-0.11797191739964993,2.6022315620104894,512
2009,spring,fvcom_sss,-0.04296286087437881,1.2911059259278734,513
2010,spring,fvcom_sss,-0.4451378900803949,0.03568887004511721,511
2010,spring,fvcom_sss,-0.5085603361405789,2.3025174990816546,512
2010,spring,fvcom_sss,-0.6077691186424963,2.1898305724587086,513
2011,spring,fvcom_sss,0.0488049620936509,0.03429437804651129,511
2011,spring,fvcom_sss,-0.2109122207431308,3.1647146750245736,512
2011,spring,fvcom_sss,-0.27813175545595514,2.132020236078718,513
2012,spring,fvcom_sss,0.5252773647257313,0.050288852446565356,511
2012,spring,fvcom_sss,0.25375867155737203,2.3923050843532683,512
2012,spring,fvcom_sss,0.34603931241282404,0.9082642249826713,513
2013,spring,fvcom_sss,0.6275336149628797,0.05405078070624942,511
2013,spring,fvcom_sss,0.6438196861082686,2.254572536987603,512
2013,spring,fvcom_sss,0.4165156477682814,1.6950726077185212,513
2014,spring,fvcom_sss,0.31354952594057556,0.04105778378949266,511
2014,spring,fvcom_sss,0.05628192230160843,4.153343531183766,512
2014,spring,fvcom_sss,0.0800409487283906,2.317398259326273,513
2015,spring,fvcom_sss,0.5723191279137319,0.1021198725753321,511
2015,spring,fvcom_sss,0.4537261255421192,1.5673818279877596,512
2015,spring,fvcom_sss,0.4598528770193096,0.9818377882819972,513
2016,spring,fvcom_sss,0.12640225866514482,0.04802474861990846,511
2016,spring,fvcom_sss,-0.13723856140931928,3.329068996551028,512
2016,spring,fvcom_sss,-0.12470701451882299,1.3295029266757685,513
1980,summer,fvcom_sss,0.17267936602096806,0.045052440031403476,511
1980,summer,fvcom_sss,0.43423489475677873,1.2301505079288844,512
1980,summer,fvcom_sss,0.5630638225529367,0.25591832422932337,513
1981,summer,fvcom_sss,0.08521341780665175,0.03620074920995525,511
1981,summer,fvcom_sss,0.2579659175538235,1.7668260101223574,512
1981,summer,fvcom_sss,0.5265723046331637,0.34203351654961,513
1982,summer,fvcom_sss,-0.02844906100354282,0.059476078199454295,511
1982,summer,fvcom_sss,0.15873474815920954,1.3529060024522916,512
1982,summer,fvcom_sss,0.3193403082614554,0.8028232930444785,513
1983,summer,fvcom_sss,-0.18132326576956342,0.04180072088252907,511
1983,summer,fvcom_sss,-0.1648023079632835,2.0630323859415647,512
1983,summer,fvcom_sss,-0.09514927704324648,0.6668984761536544,513
1984,summer,fvcom_sss,-0.3065799917951502,0.04397615899882394,511
1984,summer,fvcom_sss,-0.5783934951094092,3.5731206268207236,512
1984,summer,fvcom_sss,-0.5159631576104525,1.142940112378093,513
1985,summer,fvcom_sss,0.20911999433541686,0.061212816086121724,511
1985,summer,fvcom_sss,0.3843759835757946,1.4960142112906631,512
1985,summer,fvcom_sss,0.6238461963492407,0.48671215757364283,513
1986,summer,fvcom_sss,0.2434659283437747,0.04997562015319139,511
1986,summer,fvcom_sss,0.3122085166803172,1.8429902670374256,512
1986,summer,fvcom_sss,0.45257522187869786,0.7244243564212284,513
1987,summer,fvcom_sss,-0.058377775015281616,0.028818860556094235,511
1987,summer,fvcom_sss,0.09374694196374728,1.184833008559445,512
1987,summer,fvcom_sss,0.023184527337430184,0.5533995229779892,513
1988,summer,fvcom_sss,0.5171901045529117,0.11342822485131057,511
1988,summer,fvcom_sss,0.8142728582546639,1.145589118928126,512
1988,summer,fvcom_sss,0.9093074490311736,0.6243215861838871,513
1989,summer,fvcom_sss,0.6248020746156665,0.07360549721033659,511
1989,summer,fvcom_sss,0.6989356166819823,2.0776073894936498,512
1989,summer,fvcom_sss,0.7128397377993368,0.9195121728061915,513
1990,summer,fvcom_sss,0.5011413913191171,0.12371517103761442,511
1990,summer,fvcom_sss,0.7438610312824088,2.7096193270241717,512
1990,summer,fvcom_sss,0.8643520825294397,0.7567614982975511,513
1991,summer,fvcom_sss,0.23716891891043737,0.05708006151911656,511
1991,summer,fvcom_sss,0.37465473665206467,1.3443418275930723,512
1991,summer,fvcom_sss,0.3650527157646189,0.5832414821714937,513
1992,summer,fvcom_sss,0.08101487215374276,0.14438700030975127,511
1992,summer,fvcom_sss,0.08836242726242889,1.9390776496541264,512
1992,summer,fvcom_sss,0.1629893615940894,0.6551952175576532,513
1993,summer,fvcom_sss,-0.25100350756759887,0.03716774171729869,511
1993,summer,fvcom_sss,-0.14372839519041586,1.6565331123475582,512
1993,summer,fvcom_sss,-0.04653090535698999,0.44997083925750325,513
1994,summer,fvcom_sss,0.17511649961900244,0.05935781335639071,511
1994,summer,fvcom_sss,0.24305344410591911,1.7621000294071365,512
1994,summer,fvcom_sss,0.3619360001180162,0.5128321138981488,513
1995,summer,fvcom_sss,-0.2623983977708778,0.036991805552831936,511
1995,summer,fvcom_sss,-0.06510594676093662,1.3832894553063073,512
1995,summer,fvcom_sss,0.07266684492093094,0.44962253149747095,513
1996,summer,fvcom_sss,-0.1671013421331117,0.06493704988779066,511
1996,summer,fvcom_sss,-0.2260424423560789,3.343181440458411,512
1996,summer,fvcom_sss,-0.06993080096756261,0.7222023716699655,513
1997,summer,fvcom_sss,-0.21433412213911032,0.036749728441549445,511
1997,summer,fvcom_sss,-0.11187676303730482,1.4737648919245068,512
1997,summer,fvcom_sss,-0.02784662357376863,0.42654616046874916,513
1998,summer,fvcom_sss,-0.29032973364126075,0.020004138932749604,511
1998,summer,fvcom_sss,-0.2887485305332468,2.2341921912074425,512
1998,summer,fvcom_sss,-0.3555511684881871,1.1286011501924842,513
1999,summer,fvcom_sss,0.016078111398974845,0.029183638455405326,511
1999,summer,fvcom_sss,0.14568760213704818,1.2568675717072288,512
1999,summer,fvcom_sss,0.2804880540061155,0.33196421267049253,513
2000,summer,fvcom_sss,0.05717625824281749,0.05442585069351562,511
2000,summer,fvcom_sss,0.17808455916742452,1.4874598131312082,512
2000,summer,fvcom_sss,0.23169096662232846,0.6122441763075513,513
2001,summer,fvcom_sss,-0.39398843410850887,0.030007113708276134,511
2001,summer,fvcom_sss,-0.09697435511353601,0.9707198543146232,512
2001,summer,fvcom_sss,-0.1284179305149062,0.4000104811690401,513
2002,summer,fvcom_sss,0.08172519844291865,0.03606973968438606,511
2002,summer,fvcom_sss,0.2619885769411543,1.14657020398193,512
2002,summer,fvcom_sss,0.22352746070535032,0.5844276858820049,513
2003,summer,fvcom_sss,0.18929844544722207,0.05528036752853496,511
2003,summer,fvcom_sss,0.17987135154857758,1.5691284055436134,512
2003,summer,fvcom_sss,0.2480418227381082,0.6624472197613993,513
2004,summer,fvcom_sss,-0.30095163129220315,0.07644608288404312,511
2004,summer,fvcom_sss,-0.21237757239650992,1.4410089477369457,512
2004,summer,fvcom_sss,-0.13156322184465075,0.5795364957919845,513
2005,summer,fvcom_sss,-0.4298534840672721,0.12819443284652401,511
2005,summer,fvcom_sss,-0.6465789047957236,2.319855765331778,512
2005,summer,fvcom_sss,-0.6814366502486019,1.3574554759977366,513
2006,summer,fvcom_sss,-0.2512160197125129,0.10073106678869892,511
2006,summer,fvcom_sss,-0.3421513724245458,2.6517214239417353,512
2006,summer,fvcom_sss,-0.4767857790336886,1.7706401459738375,513
2007,summer,fvcom_sss,-0.22989922483256456,0.07094651271010623,511
2007,summer,fvcom_sss,-0.1723984168308473,1.45807382800069,512
2007,summer,fvcom_sss,-0.28014721880988164,1.00984315593894,513
2008,summer,fvcom_sss,-0.11584510945847608,0.039728380139745986,511
2008,summer,fvcom_sss,-0.07747000826084502,2.2355565346340893,512
2008,summer,fvcom_sss,-0.1625701335046404,1.079385044215588,513
2009,summer,fvcom_sss,-0.0983175708443553,0.07012534375423184,511
2009,summer,fvcom_sss,-0.19791018032400523,2.533253370063422,512
2009,summer,fvcom_sss,-0.21762776680860757,1.1593188028992272,513
2010,summer,fvcom_sss,-0.08622400860993647,0.060943708621163384,511
2010,summer,fvcom_sss,-0.08070938978278798,1.1860955476167447,512
2010,summer,fvcom_sss,-0.21581895524235958,0.18031576758726486,513
2011,summer,fvcom_sss,0.13269237387804142,0.025429388334140664,511
2011,summer,fvcom_sss,-0.15048958374485083,1.6389243895692527,512
2011,summer,fvcom_sss,-0.0788012052978072,0.5308987371897258,513
2012,summer,fvcom_sss,0.4749338682370409,0.019859446010723487,511
2012,summer,fvcom_sss,0.11250467021623273,2.492935656337324,512
2012,summer,fvcom_sss,0.06034600385307023,0.8025494790700486,513
2013,summer,fvcom_sss,0.2694602970390636,0.06455438533492451,511
2013,summer,fvcom_sss,0.12620815081131628,2.720395794565908,512
2013,summer,fvcom_sss,-0.09633578703038641,1.1645362649382944,513
2014,summer,fvcom_sss,0.3375443385150186,0.054120007165784835,511
2014,summer,fvcom_sss,0.0600233311121443,2.6039073635794514,512
2014,summer,fvcom_sss,-0.14926985926131844,0.9088596076970284,513
2015,summer,fvcom_sss,0.3143042524134347,0.10347878088410319,511
2015,summer,fvcom_sss,0.1537177457571829,2.2056251596717913,512
2015,summer,fvcom_sss,0.11054890451919096,0.5955210034427348,513
2016,summer,fvcom_sss,0.2238077605609459,0.02571692196149667,511
2016,summer,fvcom_sss,0.14454423455773954,1.2444389599050658,512
2016,summer,fvcom_sss,0.13699378861211617,0.23179217935079646,513
1980,winter,fvcom_sss,0.4296481490242965,0.2312965745941163,511
1980,winter,fvcom_sss,0.3385128371072432,1.478285385932919,512
1980,winter,fvcom_sss,0.46416241713953693,0.8036511588996246,513
1981,winter,fvcom_sss,0.32660159349895934,0.02787255804214074,511
1981,winter,fvcom_sss,0.3607720544134531,1.8907808718478003,512
1981,winter,fvcom_sss,0.38249601697589763,0.833080719921205,513
1982,winter,fvcom_sss,-0.28585933755440357,0.10907647585262933,511
1982,winter,fvcom_sss,-0.3443632037134225,2.1370617327556043,512
1982,winter,fvcom_sss,-0.25164351926642703,1.091048023352129,513
1983,winter,fvcom_sss,0.20330143264469266,0.005231535387783567,511
1983,winter,fvcom_sss,0.21158932785586002,1.8751504128756977,512
1983,winter,fvcom_sss,0.2747256559945783,0.8647663038126854,513
1984,winter,fvcom_sss,0.0869535933885222,0.015929779657241846,511
1984,winter,fvcom_sss,-0.140956208418777,2.8181221020723934,512
1984,winter,fvcom_sss,-0.15276021813442955,1.4490142499196526,513
1985,winter,fvcom_sss,0.3082899820628515,0.040497721772555,511
1985,winter,fvcom_sss,0.42815190553066557,0.9288696298454809,512
1985,winter,fvcom_sss,0.3843724178468661,0.6505546665173856,513
1986,winter,fvcom_sss,0.2970719485637403,0.02755371160964045,511
1986,winter,fvcom_sss,0.3145229392254198,1.527618044004205,512
1986,winter,fvcom_sss,0.18472337568621927,1.1328557034745756,513
1987,winter,fvcom_sss,0.25898665696113493,0.037109230996256654,511
1987,winter,fvcom_sss,0.18997840428921733,1.4374470468191134,512
1987,winter,fvcom_sss,0.1407145898144326,1.2209419753340898,513
1988,winter,fvcom_sss,0.2961325999908152,0.03826037468830075,511
1988,winter,fvcom_sss,0.15178214372132268,1.4783666688120358,512
1988,winter,fvcom_sss,0.05739252466009596,0.7697117558342254,513
1989,winter,fvcom_sss,0.6391226863248777,0.03828720642187303,511
1989,winter,fvcom_sss,0.6864661865810274,1.1783500508245792,512
1989,winter,fvcom_sss,0.5386975208205885,0.8233186030808157,513
1990,winter,fvcom_sss,0.6347981150308493,0.021764512963951845,511
1990,winter,fvcom_sss,0.6687460959596355,1.2825098243910442,512
1990,winter,fvcom_sss,0.5705243207972469,0.8790085506188927,513
1991,winter,fvcom_sss,0.30247938967562965,0.02791202370376329,511
1991,winter,fvcom_sss,0.2424287152058457,2.249238369074119,512
1991,winter,fvcom_sss,0.25737805723522555,1.2450350455881527,513
1992,winter,fvcom_sss,0.02325532535392976,0.0735727709486774,511
1992,winter,fvcom_sss,0.08069348971526587,1.529176692524349,512
1992,winter,fvcom_sss,0.08911166250521911,1.0920917353776904,513
1993,winter,fvcom_sss,0.034852101453673845,0.03075550919560985,511
1993,winter,fvcom_sss,0.14105580069411314,0.996415939437669,512
1993,winter,fvcom_sss,0.0395253368297882,0.8527158266391242,513
1994,winter,fvcom_sss,0.007035475080300914,0.033199770635148874,511
1994,winter,fvcom_sss,-0.14416098075866077,2.2292591674790176,512
1994,winter,fvcom_sss,-0.23197176156907945,0.9176236592055426,513
1995,winter,fvcom_sss,0.03091262568808633,0.014328198117098161,511
1995,winter,fvcom_sss,0.24160829962406508,1.4227948835563788,512
1995,winter,fvcom_sss,0.2881409602776462,1.007037373300183,513
1996,winter,fvcom_sss,-0.41257334115141114,0.019660476778143976,511
1996,winter,fvcom_sss,-0.38775627435653043,2.4597809223684584,512
1996,winter,fvcom_sss,-0.28173172269670693,1.272025700209342,513
1997,winter,fvcom_sss,-0.6409684220782924,0.04554837414789997,511
1997,winter,fvcom_sss,-0.552774633376799,2.296666133548148,512
1997,winter,fvcom_sss,-0.5535613932330713,1.3860876514616174,513
1998,winter,fvcom_sss,-0.8275762166983167,0.030365146482804847,511
1998,winter,fvcom_sss,-0.6129710167699521,1.079938394028641,512
1998,winter,fvcom_sss,-0.49421962435855576,0.8174819845118391,513
1999,winter,fvcom_sss,-0.311205178714108,0.02030528940181846,511
1999,winter,fvcom_sss,-0.20819760246902816,1.6088385629145177,512
1999,winter,fvcom_sss,-0.22209212177697135,0.7548352002997606,513
2000,winter,fvcom_sss,0.36335645717827797,0.0480413555631315,511
2000,winter,fvcom_sss,0.31477960966442525,1.991211935113837,512
2000,winter,fvcom_sss,0.2047125859621552,0.8931986429260134,513
2001,winter,fvcom_sss,-0.2361197113669344,0.028691471460685278,511
2001,winter,fvcom_sss,0.024325482635610206,1.1622214094122916,512
2001,winter,fvcom_sss,0.10226211706965287,0.6527284945587389,513
2002,winter,fvcom_sss,-0.16714416998009007,0.037717504266964234,511
2002,winter,fvcom_sss,0.20454717070317396,0.5475662547031974,512
2002,winter,fvcom_sss,0.14350679120606205,0.23839878000527762,513
2003,winter,fvcom_sss,0.044597969372839615,0.029621261509424394,511
2003,winter,fvcom_sss,0.3240892026338748,1.0931525829032687,512
2003,winter,fvcom_sss,0.4975651021132712,0.583540900965753,513
2004,winter,fvcom_sss,0.1318860638491694,0.04660268636433076,511
2004,winter,fvcom_sss,0.08270312902881052,2.740109219837327,512
2004,winter,fvcom_sss,0.05798594426229235,1.1640658000922806,513
2005,winter,fvcom_sss,-0.6343006144058428,0.021362030855545604,511
2005,winter,fvcom_sss,-0.6677246326507996,1.951917985127301,512
2005,winter,fvcom_sss,-0.5761532580051428,1.2678808149824041,513
2006,winter,fvcom_sss,-0.2040668407519044,0.06876801032903436,511
2006,winter,fvcom_sss,-0.5545784749397055,4.239535343653673,512
2006,winter,fvcom_sss,-0.567518697166961,2.077133516787137,513
2007,winter,fvcom_sss,0.17944528524381337,0.027813477149928365,511
2007,winter,fvcom_sss,0.013446567737860305,2.4257786518643916,512
2007,winter,fvcom_sss,0.06744052243549233,1.2881608774870885,513
2008,winter,fvcom_sss,-0.2080415914294402,0.08247442614162641,511
2008,winter,fvcom_sss,-0.1232248273417439,2.107861924780805,512
2008,winter,fvcom_sss,-0.13568550431764148,1.1730483276469232,513
2009,winter,fvcom_sss,-0.424304336942703,0.055497299439616635,511
2009,winter,fvcom_sss,-0.2124041551338745,1.632101782843468,512
2009,winter,fvcom_sss,-0.3419049905033196,1.4401268472323983,513
2010,winter,fvcom_sss,-0.22438869207754053,0.04990490984079162,511
2010,winter,fvcom_sss,-0.034108316934231386,0.8425834477688384,512
2010,winter,fvcom_sss,-0.025610368281670185,0.7358476545832969,513
2011,winter,fvcom_sss,-0.12624934145908098,0.09006716756970229,511
2011,winter,fvcom_sss,-0.13956818022814166,1.7145168205048997,512
2011,winter,fvcom_sss,-0.11478607102798269,0.569745333257237,513
2012,winter,fvcom_sss,0.36287263926853996,0.02051434714200764,511
2012,winter,fvcom_sss,0.2710261881330555,0.6271442707651691,512
2012,winter,fvcom_sss,-0.022194697882388387,1.1011129581460275,513
2013,winter,fvcom_sss,0.8347452707151309,0.05345287333622383,511
2013,winter,fvcom_sss,0.7237972803016401,0.6460674238488746,512
2013,winter,fvcom_sss,0.6543777674388416,0.450334765963059,513
2014,winter,fvcom_sss,0.5422610417653093,0.026254986398785426,511
2014,winter,fvcom_sss,-0.05062845837143793,7.235225477650743,512
2014,winter,fvcom_sss,0.36131902514240366,1.2139056866779658,513
2015,winter,fvcom_sss,0.5295435568695125,0.061822514132325534,511
2015,winter,fvcom_sss,0.39947123030081555,1.2942505526256096,512
2015,winter,fvcom_sss,0.3151985882806775,0.7861307440158772,513
2016,winter,fvcom_sss,0.38891230966069484,0.04044467153309958,511
2016,winter,fvcom_sss,0.02765710605086287,1.337553872356713,512
2016,winter,fvcom_sss,-0.03544690924977484,0.8536213294477275,513
2017,winter,fvcom_sss,0.5206438456853383,0.030932670077427084,511
2017,winter,fvcom_sss,0.5106153750422264,1.0586770108332089,512
2017,winter,fvcom_sss,0.4876910952444685,0.3764039069376269,513
1980,fall,fvcom_bs,-0.022245542673162106,0.39844198919035595,511
1980,fall,fvcom_bs,0.22939330278002704,1.1119078506986344,512
1980,fall,fvcom_bs,0.3033260242950613,0.3841129178389118,513
1981,fall,fvcom_bs,-0.26711780251593154,0.3239036232052068,511
1981,fall,fvcom_bs,-0.2578349493569791,1.5027338878374834,512
1981,fall,fvcom_bs,-0.011070175546538136,0.5171963526927194,513
1982,fall,fvcom_bs,-0.035263198507723414,0.31069160104342847,511
1982,fall,fvcom_bs,0.021479587773579552,0.9405640341952706,512
1982,fall,fvcom_bs,0.11967104472371093,0.373969527553203,513
1983,fall,fvcom_bs,0.23455897701375017,0.6483614920573155,511
1983,fall,fvcom_bs,0.17566747325663376,1.2432769339566965,512
1983,fall,fvcom_bs,0.15205262559844096,0.4956505181384247,513
1984,fall,fvcom_bs,0.0805403108099645,0.5068902746395743,511
1984,fall,fvcom_bs,-0.01925294890092587,1.0103149455996574,512
1984,fall,fvcom_bs,0.027715327549244304,0.4219659730462465,513
1985,fall,fvcom_bs,0.1470380508635497,0.41500712477834684,511
1985,fall,fvcom_bs,0.09989353730176324,1.0111010568242718,512
1985,fall,fvcom_bs,0.09263541636054716,0.6259365402107377,513
1986,fall,fvcom_bs,0.1529958299910183,0.39105894545336356,511
1986,fall,fvcom_bs,0.13199417094492452,1.0136635479357794,512
1986,fall,fvcom_bs,0.2057096928910437,0.4459100360291585,513
1987,fall,fvcom_bs,0.03592035866644351,0.3724104302263686,511
1987,fall,fvcom_bs,-0.017835891222100577,1.0387958673971265,512
1987,fall,fvcom_bs,-0.07950781554502039,0.5249179620676725,513
1988,fall,fvcom_bs,0.19108102213705855,0.3928408779402854,511
1988,fall,fvcom_bs,0.3161565809071096,1.0748640359191795,512
1988,fall,fvcom_bs,0.46563237252984113,0.6962320447262762,513
1989,fall,fvcom_bs,0.26640316668834063,0.278129581739029,511
1989,fall,fvcom_bs,0.3862622262553496,0.9060312660855179,512
1989,fall,fvcom_bs,0.5400862347435618,0.5721846431077889,513
1990,fall,fvcom_bs,0.0019834304992064505,0.35322432458660336,511
1990,fall,fvcom_bs,0.13321241576924597,1.5174412148057772,512
1990,fall,fvcom_bs,0.3343503197027236,0.7854503962689802,513
1991,fall,fvcom_bs,0.03106971026535441,0.5266883055453765,511
1991,fall,fvcom_bs,0.06670349623594447,1.479314567047309,512
1991,fall,fvcom_bs,0.07594072059710932,0.9039939376239977,513
1992,fall,fvcom_bs,-0.11323150665932823,0.4055638835770456,511
1992,fall,fvcom_bs,-0.06501406612744606,1.0984721136326394,512
1992,fall,fvcom_bs,-0.020388975776816084,0.5543218237352505,513
1993,fall,fvcom_bs,-0.23712016622859144,0.4288669008902296,511
1993,fall,fvcom_bs,-0.3333077640323561,1.1661955615907968,512
1993,fall,fvcom_bs,-0.25166756113096134,0.4233922235445651,513
1994,fall,fvcom_bs,0.15103016340549663,0.3934053996711502,511
1994,fall,fvcom_bs,0.26277775617167914,0.8909223678440255,512
1994,fall,fvcom_bs,0.23973296193956772,0.42467131138321196,513
1995,fall,fvcom_bs,-0.32269563048464694,0.42599798688201973,511
1995,fall,fvcom_bs,-0.28175347688643576,1.1675546560606116,512
1995,fall,fvcom_bs,-0.25005505168657344,0.6739617710305762,513
1996,fall,fvcom_bs,-0.4684556253070373,0.5007049523955587,511
1996,fall,fvcom_bs,-0.38959220288312635,1.2885548442479036,512
1996,fall,fvcom_bs,-0.34051223938700115,0.9202486293321727,513
1997,fall,fvcom_bs,-0.30953080089033597,0.40104437674161986,511
1997,fall,fvcom_bs,-0.2251765445833512,0.9767819212978623,512
1997,fall,fvcom_bs,-0.1718379382988752,0.418511149573044,513
1998,fall,fvcom_bs,-0.3762250441145936,0.34849409167941786,511
1998,fall,fvcom_bs,-0.256981702407718,0.841254608864481,512
1998,fall,fvcom_bs,-0.17594625801159275,0.36171603542838493,513
1999,fall,fvcom_bs,0.27054176251694595,0.4932847122610744,511
1999,fall,fvcom_bs,0.08622209390959211,1.5572577001061758,512
1999,fall,fvcom_bs,0.1011447150647094,0.5759426327980727,513
2000,fall,fvcom_bs,-0.11949081774822547,0.335624717497526,511
2000,fall,fvcom_bs,0.028666493593983964,0.9022820611079563,512
2000,fall,fvcom_bs,0.07374299828355302,0.39090912841725817,513
2001,fall,fvcom_bs,-0.21893350630042038,0.3650629726573876,511
2001,fall,fvcom_bs,0.016013648650989597,0.4892459443324561,512
2001,fall,fvcom_bs,-0.1453491209882783,0.26978747412641857,513
2002,fall,fvcom_bs,0.20030992460274874,0.47403036773151175,511
2002,fall,fvcom_bs,0.31092246571179416,0.9546880843010356,512
2002,fall,fvcom_bs,0.22606034602462147,0.3608903225840734,513
2003,fall,fvcom_bs,0.17787782036614672,0.4280209599770308,511
2003,fall,fvcom_bs,0.18395606357382815,1.4386462215351445,512
2003,fall,fvcom_bs,0.16682412268301028,0.6204230142205711,513
2004,fall,fvcom_bs,-0.34752710376410173,0.4735658628377229,511
2004,fall,fvcom_bs,-0.31044258083070075,1.2557904985024497,512
2004,fall,fvcom_bs,-0.2909327592042702,0.652373677473146,513
2005,fall,fvcom_bs,-0.12685514669346326,0.7072726901676585,511
2005,fall,fvcom_bs,-0.3343882389640555,2.2476714525871158,512
2005,fall,fvcom_bs,-0.3316399847224771,1.6018598297000715,513
2006,fall,fvcom_bs,0.006931436217206479,0.48311857515555257,511
2006,fall,fvcom_bs,-0.06890430606991396,1.5146705823700395,512
2006,fall,fvcom_bs,-0.0786090812638467,1.3500185730991963,513
2007,fall,fvcom_bs,-0.18389908418697326,0.4191765663694628,511
2007,fall,fvcom_bs,-0.1297559977653168,1.0176616303711932,512
2007,fall,fvcom_bs,-0.04862819079785432,0.5119424013456528,513
2008,fall,fvcom_bs,-0.3650834783489376,0.4174507968695411,511
2008,fall,fvcom_bs,-0.2835056440876153,1.0714984235289862,512
2008,fall,fvcom_bs,-0.30060217262952077,1.2216285289980524,513
2009,fall,fvcom_bs,0.07245826012617777,0.6844659154738062,511
2009,fall,fvcom_bs,0.011239266423285764,1.3789742712315887,512
2009,fall,fvcom_bs,0.0158143507884386,0.5621358111476534,513
2010,fall,fvcom_bs,-0.18019294614777925,0.43999020655418475,511
2010,fall,fvcom_bs,-0.14677068032896035,1.1434303396171965,512
2010,fall,fvcom_bs,-0.1302322688178771,0.4158445308450328,513
2011,fall,fvcom_bs,0.32810071956226106,0.4741568512292361,511
2011,fall,fvcom_bs,0.06444940836186058,1.755606177228446,512
2011,fall,fvcom_bs,0.04633653987793483,1.2139650575347847,513
2012,fall,fvcom_bs,0.5440180972260149,0.3577982077887496,511
2012,fall,fvcom_bs,0.3957574404667296,1.3711321051762333,512
2012,fall,fvcom_bs,0.5131519035884649,0.48141726817700137,513
2013,fall,fvcom_bs,0.6764203922637404,0.4020770026143256,511
2013,fall,fvcom_bs,0.5649367972091036,1.456730695095618,512
2013,fall,fvcom_bs,0.6040906853987589,1.3433453312123782,513
2014,fall,fvcom_bs,0.20958006365544152,0.24410149711409004,511
2014,fall,fvcom_bs,0.2665016482854899,0.9692396434382619,512
2014,fall,fvcom_bs,-0.023363455292670213,0.3728142693090561,513
2015,fall,fvcom_bs,0.3104009353310241,0.4489321834477415,511
2015,fall,fvcom_bs,0.1670327697414749,1.242696731037281,512
2015,fall,fvcom_bs,0.05358955237377593,0.4081778443378728,513
2016,fall,fvcom_bs,0.38851814083666714,0.3796694223020985,511
2016,fall,fvcom_bs,0.2672014408620152,1.0100390724665698,512
2016,fall,fvcom_bs,0.10898584168596284,0.23595205042617398,513
1980,spring,fvcom_bs,0.28089443407496495,0.31999948442828346,511
1980,spring,fvcom_bs,0.3833327216490686,1.2587385628611916,512
1980,spring,fvcom_bs,0.5190220117730272,1.2538480900468343,513
1981,spring,fvcom_bs,0.1555428807859384,0.5087543248619496,511
1981,spring,fvcom_bs,0.20092041364272795,1.3760254972158619,512
1981,spring,fvcom_bs,0.26498929624178963,1.3381327111561474,513
1982,spring,fvcom_bs,0.3304967538570099,0.5311104434837198,511
1982,spring,fvcom_bs,0.3190516088177726,1.676540464336592,512
1982,spring,fvcom_bs,0.374302225443333,1.6101121314049527,513
1983,spring,fvcom_bs,0.0367927534841791,0.6869945798352233,511
1983,spring,fvcom_bs,-0.04604785246576285,2.508208506163705,512
1983,spring,fvcom_bs,-0.035575808237938066,2.2825310835212007,513
1984,spring,fvcom_bs,-0.0022731104262823107,0.747250060595514,511
1984,spring,fvcom_bs,-0.04517413475017628,2.271438141983175,512
1984,spring,fvcom_bs,-0.09433096370535057,2.133829352781895,513
1985,spring,fvcom_bs,0.3822154206411677,0.42042789553972415,511
1985,spring,fvcom_bs,0.5383148200546193,1.1874168266436338,512
1985,spring,fvcom_bs,0.5179586297658707,1.1567411865517265,513
1986,spring,fvcom_bs,0.4120644385551601,0.39227487494676067,511
1986,spring,fvcom_bs,0.37793476185268143,1.6752064840901812,512
1986,spring,fvcom_bs,0.38401607156597795,1.5660657381294498,513
1987,spring,fvcom_bs,0.012193215633238922,0.3439987151174793,511
1987,spring,fvcom_bs,-0.06830467495272052,1.7714671501683696,512
1987,spring,fvcom_bs,-0.14231048334798574,2.23389082146455,513
1988,spring,fvcom_bs,0.6945200774058149,0.3743375626678092,511
1988,spring,fvcom_bs,0.6760897525666322,1.2875915679453025,512
1988,spring,fvcom_bs,0.7068953060126913,1.5149146957213648,513
1989,spring,fvcom_bs,0.5975127592853046,0.44180479802321376,511
1989,spring,fvcom_bs,0.6567973398480671,1.6892263255739444,512
1989,spring,fvcom_bs,0.762347600929213,1.6841437720557924,513
1990,spring,fvcom_bs,0.8266725606946743,0.322179314159978,511
1990,spring,fvcom_bs,0.7864290334566093,1.7322059237294862,512
1990,spring,fvcom_bs,0.8668053442965223,1.7110333371068707,513
1991,spring,fvcom_bs,0.2591607902195971,0.6029240020415708,511
1991,spring,fvcom_bs,0.22868476573867497,1.9705571153854557,512
1991,spring,fvcom_bs,0.24375575460292617,1.7445981946107656,513
1992,spring,fvcom_bs,0.5345221569197289,0.5013030546366034,511
1992,spring,fvcom_bs,0.44064464261563824,1.7553450176770131,512
1992,spring,fvcom_bs,0.3859829483695697,1.5955042869864793,513
1993,spring,fvcom_bs,-0.19669491904900313,0.5633409035193951,511
1993,spring,fvcom_bs,-0.13875859616104222,1.7905737397906312,512
1993,spring,fvcom_bs,-0.20138748782824248,1.657743256844167,513
1994,spring,fvcom_bs,-0.0275957246189283,0.5783299161620531,511
1994,spring,fvcom_bs,-0.03601370509390204,2.0957640396102697,512
1994,spring,fvcom_bs,0.010221171280739613,1.6921938015725886,513
1995,spring,fvcom_bs,-0.27889639208370554,0.5001771985361979,511
1995,spring,fvcom_bs,-0.10324327025859813,1.4657889429357043,512
1995,spring,fvcom_bs,-0.16629179656945223,1.0665360762809402,513
1996,spring,fvcom_bs,-0.10939096088983082,0.5462497548213333,511
1996,spring,fvcom_bs,-0.2335322081237993,2.266535600350553,512
1996,spring,fvcom_bs,-0.32196716074905424,1.7642958147566201,513
1997,spring,fvcom_bs,-0.3576404732532246,0.35908973689629686,511
1997,spring,fvcom_bs,-0.2887370014957678,1.6693895719668503,512
1997,spring,fvcom_bs,-0.22643892991980052,1.4927800378693026,513
1998,spring,fvcom_bs,-0.5544860104398275,0.6073643190721472,511
1998,spring,fvcom_bs,-0.655593914818771,2.406906343594941,512
1998,spring,fvcom_bs,-0.7524271479001932,1.81435732746518,513
1999,spring,fvcom_bs,-0.17382586249397292,0.5617142471008618,511
1999,spring,fvcom_bs,-0.23742533424190662,1.5096289319268916,512
1999,spring,fvcom_bs,-0.23880442540181174,1.3571994822169744,513
2000,spring,fvcom_bs,0.15082955837266257,0.7004922855911973,511
2000,spring,fvcom_bs,0.10256473586207139,2.668065753797417,512
2000,spring,fvcom_bs,0.10416550167694855,1.944956203924202,513
2001,spring,fvcom_bs,-0.5895868922415886,0.4020977819818741,511
2001,spring,fvcom_bs,-0.16486829563185731,1.049361580220819,512
2001,spring,fvcom_bs,-0.4261969845185673,1.391752180969043,513
2002,spring,fvcom_bs,-0.17480432628594544,0.5449110942165131,511
2002,spring,fvcom_bs,-0.1316798175191297,1.5035148962380402,512
2002,spring,fvcom_bs,-0.009745240778845015,1.0330166099846974,513
2003,spring,fvcom_bs,0.07493995926209938,0.5016534135140402,511
2003,spring,fvcom_bs,0.11472344381066729,1.3210312823645096,512
2003,spring,fvcom_bs,0.1440535238986119,1.3065613403787941,513
2004,spring,fvcom_bs,-0.2652158900196468,0.3737534203605295,511
2004,spring,fvcom_bs,-0.07918362706665391,1.345530039104015,512
2004,spring,fvcom_bs,-0.023100193003167287,1.3731996501204322,513
2005,spring,fvcom_bs,-0.5427041691300801,0.5288829479173833,511
2005,spring,fvcom_bs,-0.6374199991585529,2.121017154583565,512
2005,spring,fvcom_bs,-0.7170641906806563,2.1028578285738,513
2006,spring,fvcom_bs,-0.034834875176000264,0.4611764921007528,511
2006,spring,fvcom_bs,-0.003619095396915796,1.6059969921424981,512
2006,spring,fvcom_bs,0.027158448821285402,1.4919934999501354,513
2007,spring,fvcom_bs,-0.04468097451064835,0.43418359790158256,511
2007,spring,fvcom_bs,0.008891675077030198,1.7605099847729186,512
2007,spring,fvcom_bs,0.15495346553338832,2.239303869456028,513
2008,spring,fvcom_bs,-0.16676549552796652,0.6266115172309323,511
2008,spring,fvcom_bs,-0.1490754346007191,1.6913066470849196,512
2008,spring,fvcom_bs,-0.18099896115537212,2.187398573516059,513
2009,spring,fvcom_bs,-0.35360425771045095,0.5659831295722878,511
2009,spring,fvcom_bs,-0.17485333047722781,1.386165159329009,512
2009,spring,fvcom_bs,-0.21556627948785628,1.2114353342239674,513
2010,spring,fvcom_bs,-0.3028664865658945,0.6222724504147891,511
2010,spring,fvcom_bs,-0.339206256125602,1.8906874214718834,512
2010,spring,fvcom_bs,-0.49349677266814884,2.136682068155202,513
2011,spring,fvcom_bs,0.28072885087789484,0.6867393641415943,511
2011,spring,fvcom_bs,0.07048219181359784,2.3413979977376913,512
2011,spring,fvcom_bs,0.06801324783074103,2.0603879288884244,513
2012,spring,fvcom_bs,0.5285893746747578,0.25662785990461495,511
2012,spring,fvcom_bs,0.4199411739727961,1.484628966431022,512
2012,spring,fvcom_bs,0.4852467907248557,0.9237319264493975,513
2013,spring,fvcom_bs,0.6014091902207047,0.37516040401738454,511
2013,spring,fvcom_bs,0.5934767149055357,1.1493993342937427,512
2013,spring,fvcom_bs,0.5913625534879655,1.2411374164146012,513
2014,spring,fvcom_bs,0.22872614454444468,0.36437634925831536,511
2014,spring,fvcom_bs,0.11454271255711108,2.0911989346690705,512
2014,spring,fvcom_bs,0.2581953402273738,2.0406206931683686,513
2015,spring,fvcom_bs,0.5065059971234429,0.3422937844016259,511
2015,spring,fvcom_bs,0.4621084739919942,1.1371697429140468,512
2015,spring,fvcom_bs,0.5208767458949711,1.1456843860296833,513
2016,spring,fvcom_bs,0.18150912708677572,0.5070933898445708,511
2016,spring,fvcom_bs,0.030720322368759753,1.931861367799825,512
2016,spring,fvcom_bs,0.1126947340152743,1.596007080027948,513
1980,summer,fvcom_bs,0.07848588966756556,0.5431546694582572,511
1980,summer,fvcom_bs,0.32648742386941787,1.1521221137171804,512
1980,summer,fvcom_bs,0.37037044819758314,0.4472969874410872,513
1981,summer,fvcom_bs,0.029937049268601745,0.4624877030374754,511
1981,summer,fvcom_bs,0.13090305073098096,1.0661535243429099,512
1981,summer,fvcom_bs,0.2864109881751666,0.37369249168082236,513
1982,summer,fvcom_bs,-0.006420632634144656,0.6478713772271562,511
1982,summer,fvcom_bs,0.08443384535310454,1.3273225795045689,512
1982,summer,fvcom_bs,0.19727720221974565,0.9514548322875105,513
1983,summer,fvcom_bs,0.04194764365459987,0.7740099487005964,511
1983,summer,fvcom_bs,0.003008578131952314,1.714721053810807,512
1983,summer,fvcom_bs,0.051162783867655985,0.8348950978102639,513
1984,summer,fvcom_bs,-0.10809689870471162,0.780281286065211,511
1984,summer,fvcom_bs,-0.22825815903588187,2.4299364964906225,512
1984,summer,fvcom_bs,-0.12337810457717006,1.256753231803393,513
1985,summer,fvcom_bs,0.22158314788151853,0.6342381452516674,511
1985,summer,fvcom_bs,0.3075179933903842,1.284729149913345,512
1985,summer,fvcom_bs,0.41064834306818393,0.5679192118974326,513
1986,summer,fvcom_bs,0.21134171670289265,0.5306477735317047,511
1986,summer,fvcom_bs,0.2661015036651607,1.256866261668552,512
1986,summer,fvcom_bs,0.3682335045723342,0.7865576301403624,513
1987,summer,fvcom_bs,-0.07621728678883091,0.4962064913267128,511
1987,summer,fvcom_bs,0.01141616673629689,1.0822283884270805,512
1987,summer,fvcom_bs,0.002733886294168055,0.6972174545254175,513
1988,summer,fvcom_bs,0.3577574147291394,0.5407706920094104,511
1988,summer,fvcom_bs,0.582943410156604,1.0313937172610579,512
1988,summer,fvcom_bs,0.7155660317927398,0.8016536641743011,513
1989,summer,fvcom_bs,0.40882379436033456,0.46584172303983346,511
1989,summer,fvcom_bs,0.5155558485670187,1.4878234481075916,512
1989,summer,fvcom_bs,0.6324884506788292,1.0273119985106316,513
1990,summer,fvcom_bs,0.2844615128411829,0.49495921451967045,511
1990,summer,fvcom_bs,0.4859729176367404,1.588347269401942,512
1990,summer,fvcom_bs,0.6282333170911185,0.800118331754418,513
1991,summer,fvcom_bs,0.3105691305182853,0.638404183867697,511
1991,summer,fvcom_bs,0.3667351969205422,1.2463916482109494,512
1991,summer,fvcom_bs,0.39155463551725705,0.7756769108513223,513
1992,summer,fvcom_bs,0.029071095333982454,0.6457284059885915,511
1992,summer,fvcom_bs,0.1147416106072195,1.7283214961685844,512
1992,summer,fvcom_bs,0.20577733961470573,0.8613200011335511,513
1993,summer,fvcom_bs,-0.31000369367908354,0.5245195887815189,511
1993,summer,fvcom_bs,-0.23538991267371565,1.3003472322635754,512
1993,summer,fvcom_bs,-0.1554203694444811,0.6051466290911409,513
1994,summer,fvcom_bs,0.22128701749925445,0.6593130347265981,511
1994,summer,fvcom_bs,0.2062812204684753,1.5441231556755306,512
1994,summer,fvcom_bs,0.2754096960436248,0.6974037453311773,513
1995,summer,fvcom_bs,-0.31125118986160616,0.5625708694089903,511
1995,summer,fvcom_bs,-0.1775861556435927,1.3128770291687732,512
1995,summer,fvcom_bs,-0.1513559766950491,0.5749273755195786,513
1996,summer,fvcom_bs,-0.18959837430384904,0.6294414845129743,511
1996,summer,fvcom_bs,-0.19403368731505036,2.047596065053053,512
1996,summer,fvcom_bs,-0.10120259735453074,0.8519616092133621,513
1997,summer,fvcom_bs,-0.3117958603633901,0.479861213313454,511
1997,summer,fvcom_bs,-0.23939738230546653,1.1824378397659392,512
1997,summer,fvcom_bs,-0.1076288565392897,0.551992811121,513
1998,summer,fvcom_bs,-0.326167297551484,0.4700207273057709,511
1998,summer,fvcom_bs,-0.29407538682069256,1.4141527150827247,512
1998,summer,fvcom_bs,-0.28915822362885657,1.1044189586464364,513
1999,summer,fvcom_bs,0.05442287141801178,0.5750213498141594,511
1999,summer,fvcom_bs,0.05118044598131336,1.184901023707,512
1999,summer,fvcom_bs,0.10932653164079409,0.43785164048708847,513
2000,summer,fvcom_bs,-0.002045152005575587,0.5672666690788898,511
2000,summer,fvcom_bs,0.10851005161925907,1.4311391123936879,512
2000,summer,fvcom_bs,0.1527312374090641,0.8303542459112728,513
2001,summer,fvcom_bs,-0.3476210764646947,0.604344724380902,511
2001,summer,fvcom_bs,-0.1483381655436309,1.0851180132739457,512
2001,summer,fvcom_bs,-0.29729838794791913,0.5253109494128395,513
2002,summer,fvcom_bs,0.15935535573412118,0.6292144652390244,511
2002,summer,fvcom_bs,0.2084693790849229,1.176155218396829,512
2002,summer,fvcom_bs,0.20251082854045208,0.7634722600483846,513
2003,summer,fvcom_bs,0.3113734332711612,0.6824864476359908,511
2003,summer,fvcom_bs,0.24172768330849134,1.4873740533520605,512
2003,summer,fvcom_bs,0.21450333179555414,0.8387309865372082,513
2004,summer,fvcom_bs,-0.25846085253726153,0.7753918606002321,511
2004,summer,fvcom_bs,-0.23634533069997402,1.4691661406601573,512
2004,summer,fvcom_bs,-0.196420763418014,0.8066548510743894,513
2005,summer,fvcom_bs,-0.24255481516939478,1.0310499576731011,511
2005,summer,fvcom_bs,-0.3808976201579154,2.2069125820884468,512
2005,summer,fvcom_bs,-0.49738812620831524,1.5988395641397815,513
2006,summer,fvcom_bs,-0.08682161528158452,0.891565849848283,511
2006,summer,fvcom_bs,-0.10980773206103955,1.900734230499383,512
2006,summer,fvcom_bs,-0.1764376530541667,1.9090410161894698,513
2007,summer,fvcom_bs,-0.26133108084240303,0.6771206047746869,511
2007,summer,fvcom_bs,-0.19238643101315958,1.4655503833375572,512
2007,summer,fvcom_bs,-0.23578448832564233,1.3483711935389164,513
2008,summer,fvcom_bs,-0.22960613085739054,0.4912414236371466,511
2008,summer,fvcom_bs,-0.17404968040467161,1.3104045396517816,512
2008,summer,fvcom_bs,-0.15228325900577247,1.0024992638508097,513
2009,summer,fvcom_bs,-0.09872056733110166,0.7016983705448908,511
2009,summer,fvcom_bs,-0.19451299545040002,1.7318626722990558,512
2009,summer,fvcom_bs,-0.1938430037877068,1.144746336868497,513
2010,summer,fvcom_bs,-0.17809923695814597,0.5743595260757828,511
2010,summer,fvcom_bs,-0.11923549472090687,1.3900488090689187,512
2010,summer,fvcom_bs,-0.19390846249646004,0.5387887143254063,513
2011,summer,fvcom_bs,0.3906201971006941,0.7440205571473123,511
2011,summer,fvcom_bs,0.15986416878455806,1.9206400291143753,512
2011,summer,fvcom_bs,0.13257487265348944,1.0612763868690498,513
2012,summer,fvcom_bs,0.5038146617119816,0.4499372790763904,511
2012,summer,fvcom_bs,0.2669200078044811,1.797482987461263,512
2012,summer,fvcom_bs,0.38676363567740996,1.026387289984294,513
2013,summer,fvcom_bs,0.45279860539247163,0.7387097160155291,511
2013,summer,fvcom_bs,0.3418332149639403,1.7797548673944361,512
2013,summer,fvcom_bs,0.29337363319568094,1.355444804018156,513
2014,summer,fvcom_bs,0.004136242307782578,0.3165996540970189,511
2014,summer,fvcom_bs,-0.04442430534828994,1.6780671133197784,512
2014,summer,fvcom_bs,-0.2716710722356461,0.9116432717676277,513
2015,summer,fvcom_bs,0.21865374686091757,0.5913204902970034,511
2015,summer,fvcom_bs,0.07188072251695819,1.7054208158590387,512
2015,summer,fvcom_bs,0.03149153218461266,0.7584531221906087,513
2016,summer,fvcom_bs,0.2135130732170541,0.5265425136111477,511
2016,summer,fvcom_bs,0.1163636604616161,1.4430786240298756,512
2016,summer,fvcom_bs,-0.004449351221893274,0.4567411527196619,513
1980,winter,fvcom_bs,0.4294916181977374,0.5887817454403077,511
1980,winter,fvcom_bs,0.3575544626924778,1.3444010452952604,512
1980,winter,fvcom_bs,0.4191363947267572,0.9635376966299789,513
1981,winter,fvcom_bs,0.1912701371787083,0.2378903545059296,511
1981,winter,fvcom_bs,0.2311614778865277,0.9469781159951995,512
1981,winter,fvcom_bs,0.19627156891401404,0.7208970041449905,513
1982,winter,fvcom_bs,-0.0645575429541857,0.5074979944666018,511
1982,winter,fvcom_bs,-0.1676783934515841,1.4052933929203884,512
1982,winter,fvcom_bs,-0.13211673030348917,1.182583175631239,513
1983,winter,fvcom_bs,0.1284450300436247,0.21389761014897898,511
1983,winter,fvcom_bs,0.08344069497155983,0.9550939755906657,512
1983,winter,fvcom_bs,0.13455276658890195,0.8081046527393374,513
1984,winter,fvcom_bs,0.18933162626141642,0.33208009604032435,511
1984,winter,fvcom_bs,0.051959910000107905,1.5034687218276521,512
1984,winter,fvcom_bs,0.0735315823879044,1.2774765028919066,513
1985,winter,fvcom_bs,0.3288749289380745,0.2984092683720503,511
1985,winter,fvcom_bs,0.3080418577875303,0.7419592487073918,512
1985,winter,fvcom_bs,0.2461890952134696,0.6809865069310235,513
1986,winter,fvcom_bs,0.3102935417593993,0.23337918405679658,511
1986,winter,fvcom_bs,0.24419849122910042,0.9183878745768675,512
1986,winter,fvcom_bs,0.17414226660739882,1.006351931340036,513
1987,winter,fvcom_bs,0.21728809795957726,0.20262734957110673,511
1987,winter,fvcom_bs,0.106830468802007,0.8381121315778354,512
1987,winter,fvcom_bs,0.07377645026039957,1.1571759497982081,513
1988,winter,fvcom_bs,0.385386468817508,0.3631350767355604,511
1988,winter,fvcom_bs,0.2170696346012459,1.105401116749991,512
1988,winter,fvcom_bs,0.19212987701674114,0.9203460963139549,513
1989,winter,fvcom_bs,0.6159377347934265,0.28354365729793535,511
1989,winter,fvcom_bs,0.6232993481469021,0.8495834467132011,512
1989,winter,fvcom_bs,0.5837410992176807,0.90472587110811,513
1990,winter,fvcom_bs,0.6939356022699129,0.2963496026085083,511
1990,winter,fvcom_bs,0.5831505574181383,0.8310256711303106,512
1990,winter,fvcom_bs,0.4955275995455772,0.8577625900176209,513
1991,winter,fvcom_bs,0.15729446627035396,0.20945941481894273,511
1991,winter,fvcom_bs,0.1382488498686116,1.1379805128281408,512
1991,winter,fvcom_bs,0.24984273671488164,1.0657174314464344,513
1992,winter,fvcom_bs,0.1169826571046666,0.4394926293145615,511
1992,winter,fvcom_bs,0.09409209433012528,1.1348043567955506,512
1992,winter,fvcom_bs,0.0804249242430379,1.0796451121831618,513
1993,winter,fvcom_bs,-0.01646040469152916,0.32382750192144694,511
1993,winter,fvcom_bs,0.0022436239772364156,0.815024384618001,512
1993,winter,fvcom_bs,-0.08698676365684062,0.8619819751499247,513
1994,winter,fvcom_bs,-0.08416354877384301,0.2968948437908832,511
1994,winter,fvcom_bs,-0.23052872230059043,1.232917961409351,512
1994,winter,fvcom_bs,-0.3018903327648074,0.9334015224761674,513
1995,winter,fvcom_bs,0.01679483614310309,0.3359219860844225,511
1995,winter,fvcom_bs,0.1354577849105024,0.9065289614671536,512
1995,winter,fvcom_bs,0.07039219918153833,0.8972966606930409,513
1996,winter,fvcom_bs,-0.3875957646047141,0.3763653129639882,511
1996,winter,fvcom_bs,-0.3758667011405603,1.4421811473216553,512
1996,winter,fvcom_bs,-0.437733347871304,1.088119253861252,513
1997,winter,fvcom_bs,-0.5363466922533704,0.39611160765531644,511
1997,winter,fvcom_bs,-0.4933464633974332,1.3412692207142642,512
1997,winter,fvcom_bs,-0.413499123138184,1.3305774482622668,513
1998,winter,fvcom_bs,-0.7723678596194798,0.3213031620362242,511
1998,winter,fvcom_bs,-0.5457210153747007,0.9669106646823764,512
1998,winter,fvcom_bs,-0.5543576150317985,0.8952576209104541,513
1999,winter,fvcom_bs,-0.39083848035665003,0.29551980669720646,511
1999,winter,fvcom_bs,-0.3199305123501427,0.9182132197761782,512
1999,winter,fvcom_bs,-0.22810495201100228,0.7403576757202159,513
2000,winter,fvcom_bs,0.3355078624231359,0.40291515421188356,511
2000,winter,fvcom_bs,0.23494737924473008,1.201905754329994,512
2000,winter,fvcom_bs,0.14891506374007954,0.8241114997843489,513
2001,winter,fvcom_bs,-0.24274469120425013,0.31230068755380974,511
2001,winter,fvcom_bs,-0.06122803392493039,0.7405914324308963,512
2001,winter,fvcom_bs,-0.04523187741625025,0.6553932959941301,513
2002,winter,fvcom_bs,-0.21890062569582686,0.2577193771045168,511
2002,winter,fvcom_bs,-0.015722743832173924,0.42877352905454014,512
2002,winter,fvcom_bs,-0.0590037774456776,0.2977671890640503,513
2003,winter,fvcom_bs,-0.022001227681255325,0.27669468510976347,511
2003,winter,fvcom_bs,0.1443588016458532,0.7541410151974094,512
2003,winter,fvcom_bs,0.18377416357725293,0.5880042693703412,513
2004,winter,fvcom_bs,0.13022852502755394,0.3687728577554956,511
2004,winter,fvcom_bs,0.08734253802395738,1.3925192064145913,512
2004,winter,fvcom_bs,0.1193618139065367,0.9843554394525511,513
2005,winter,fvcom_bs,-0.5925012157158572,0.33630606608326336,511
2005,winter,fvcom_bs,-0.6040895161412726,1.2655351191223305,512
2005,winter,fvcom_bs,-0.6109781001419307,1.2446133796751777,513
2006,winter,fvcom_bs,-0.13990068691779523,0.5198907093188926,511
2006,winter,fvcom_bs,-0.31229181438806586,2.273521949118633,512
2006,winter,fvcom_bs,-0.26671137475476003,1.9359527644577663,513
2007,winter,fvcom_bs,0.13980985325985676,0.28544682695592116,511
2007,winter,fvcom_bs,0.08019069664567398,1.3668764375230793,512
2007,winter,fvcom_bs,0.267954780434605,1.3444137245582546,513
2008,winter,fvcom_bs,-0.19530882958576895,0.4485984253595627,511
2008,winter,fvcom_bs,-0.1282499184704955,1.0224814081539189,512
2008,winter,fvcom_bs,-0.034654042192249074,1.1587558206726924,513
2009,winter,fvcom_bs,-0.37868301080239336,0.4660629071262531,511
2009,winter,fvcom_bs,-0.22006730552332635,0.8876405391863963,512
2009,winter,fvcom_bs,-0.2670884164713225,1.3457497322171117,513
2010,winter,fvcom_bs,-0.05273840654766155,0.5027158209627406,511
2010,winter,fvcom_bs,0.01543656428110404,1.0363359498425815,512
2010,winter,fvcom_bs,-0.01425454090843786,0.8766726645840833,513
2011,winter,fvcom_bs,0.050915071863731884,0.7280893518127829,511
2011,winter,fvcom_bs,-0.019825249903625206,1.4603425840259503,512
2011,winter,fvcom_bs,-0.012716031765075032,0.7843456872316938,513
2012,winter,fvcom_bs,0.38097817170534565,0.22959663026948074,511
2012,winter,fvcom_bs,0.35176398525189656,0.6860734838433551,512
2012,winter,fvcom_bs,0.26123033392741485,1.1605159652711181,513
2013,winter,fvcom_bs,0.6883580922268938,0.2751792790334523,511
2013,winter,fvcom_bs,0.6575987292332042,0.5926210028575363,512
2013,winter,fvcom_bs,0.630196462717249,0.5361801420105617,513
2014,winter,fvcom_bs,0.5295195549598997,0.2319411322638418,511
2014,winter,fvcom_bs,0.29093298432273906,2.5527129030017472,512
2014,winter,fvcom_bs,0.5448702296800072,1.2601446959505127,513
2015,winter,fvcom_bs,0.593307371121922,0.40575601396538397,511
2015,winter,fvcom_bs,0.44066660817926007,0.9507133101178904,512
2015,winter,fvcom_bs,0.24997929107341443,0.8450615808490071,513
2016,winter,fvcom_bs,0.23291941153013723,0.20933761726541839,511
2016,winter,fvcom_bs,0.09291526704760289,0.9664811813182509,512
2016,winter,fvcom_bs,0.052910026150941744,0.8095790831232841,513
2017,winter,fvcom_bs,0.491890616915261,0.32333927093640336,511
2017,winter,fvcom_bs,0.47687062543044206,0.9284078037028808,512
2017,winter,fvcom_bs,0.3737772636017458,0.4445240802818481,513
